Student ID,Student Name,Age,Gender,Course,Year,Attendance,Internal Marks,External Marks,Assignment Score,Study Hours,Internet Usage,Result,City
S1,Isha,17.0,FEMALE,BA,SY,98.0,20.0,45.0,15.0,12,15,PASS,Pune
S2,Karan,19.0,MALE,BCA,SY,98.0,30.0,37.0,19.0,0,6,PASS,Pune
S3,Isha,25.0,FEMALE,BSc,TY,61.0,30.0,59.0,20.0,12,2,FAIL,Nashik
S4,Karan,25.0,FEMALE,BA,FY,100.0,22.0,41.0,11.0,0,5,FAIL,Pune
S5,Anaya,20.0,MALE,BCA,TY,95.0,30.0,45.0,15.0,12,15,FAIL,Nashik
S6,Vihaan,25.0,FEMALE,BCom,FY,100.0,30.0,45.0,15.0,8,15,PASS,Nashik
S7,Vihaan,25.0,MALE,BA,TY,98.0,40.0,45.0,15.0,5,15,FAIL,Nashik
S8,Anaya,25.0,MALE,BCom,TY,98.0,21.0,43.0,15.0,12,15,FAIL,Mumbai
S9,Rohan,25.0,FEMALE,BSc,FY,98.0,37.0,45.0,11.0,12,15,FAIL,Nashik
S10,Aditya,25.0,FEMALE,BBA,SY,65.0,30.0,45.0,15.0,12,15,PASS,Nashik
S11,Anaya,25.0,FEMALE,BCom,TY,68.0,30.0,45.0,15.0,0,7,PASS,Pune
S12,Karan,25.0,FEMALE,BBA,FY,90.0,29.0,45.0,12.0,12,15,PASS,Mumbai
S13,Aarav,15.0,FEMALE,BBA,SY,100.0,31.0,45.0,15.0,2,1,PASS,Nashik
S14,Anaya,25.0,MALE,BSc,FY,100.0,25.0,36.0,12.0,0,15,FAIL,Pune
S15,Vihaan,25.0,FEMALE,BCom,SY,61.0,28.0,51.0,15.0,12,15,FAIL,Nashik
S16,Aarav,25.0,FEMALE,BCom,FY,98.0,33.0,45.0,18.0,12,15,PASS,Pune
S17,Vihaan,25.0,MALE,BBA,FY,100.0,30.0,45.0,15.0,12,15,FAIL,Mumbai
S18,Saanvi,21.0,MALE,BCom,SY,98.0,22.0,47.0,20.0,12,15,FAIL,Nashik
S19,Anaya,25.0,MALE,BA,FY,98.0,30.0,38.0,15.0,0,7,PASS,Nashik
S20,Vihaan,17.0,MALE,BBA,SY,100.0,20.0,51.0,15.0,12,15,FAIL,Pune
S21,Karan,25.0,MALE,BCom,SY,98.0,27.0,34.0,12.0,2,7,FAIL,Nashik
S22,Rohan,15.0,MALE,BBA,TY,100.0,30.0,41.0,19.0,12,15,PASS,Pune
S23,Aarav,25.0,MALE,BCom,TY,95.0,30.0,35.0,15.0,0,15,PASS,Mumbai
S24,Neha,15.0,MALE,BSc,TY,100.0,30.0,45.0,15.0,12,8,PASS,Nashik
S25,Rohan,23.0,FEMALE,BCom,FY,98.0,30.0,45.0,15.0,12,2,FAIL,Pune
S26,Isha,22.0,FEMALE,BCom,FY,98.0,30.0,45.0,15.0,12,6,PASS,Nashik
S27,Isha,25.0,FEMALE,BSc,TY,100.0,30.0,30.0,13.0,8,15,FAIL,Pune
S28,Neha,17.0,FEMALE,BSc,FY,70.0,30.0,45.0,19.0,12,15,FAIL,Nashik
S29,Rohan,15.0,FEMALE,BCom,FY,76.0,30.0,41.0,15.0,0,15,PASS,Pune
S30,Aarav,19.0,FEMALE,BA,FY,98.0,22.0,50.0,15.0,12,15,FAIL,Nashik
S31,Aditya,25.0,MALE,BA,SY,100.0,34.0,47.0,15.0,0,15,PASS,Nashik
S32,Aarav,25.0,MALE,BBA,FY,100.0,39.0,45.0,15.0,0,15,PASS,Nashik
S33,Isha,23.0,FEMALE,BCom,SY,98.0,21.0,36.0,15.0,0,15,FAIL,Mumbai
S34,Rohan,25.0,FEMALE,BCom,FY,98.0,30.0,34.0,20.0,12,15,FAIL,Nashik
S35,Aditya,17.0,FEMALE,BCom,SY,98.0,30.0,45.0,15.0,0,15,FAIL,Mumbai
S36,Aditya,15.0,MALE,BCom,SY,79.0,40.0,45.0,10.0,12,2,PASS,Nashik
S37,Anaya,19.0,MALE,BBA,SY,95.0,30.0,59.0,11.0,12,2,PASS,Pune
S38,Vihaan,15.0,MALE,BA,TY,100.0,30.0,38.0,19.0,0,7,FAIL,Pune
S39,Isha,25.0,MALE,BSc,FY,100.0,32.0,45.0,16.0,0,15,PASS,Mumbai
S40,Isha,25.0,FEMALE,BA,SY,100.0,36.0,41.0,13.0,12,1,FAIL,Mumbai
S41,Rohan,25.0,FEMALE,BCom,FY,74.0,37.0,45.0,15.0,0,2,PASS,Pune
S42,Rohan,25.0,FEMALE,BA,TY,98.0,30.0,45.0,14.0,12,2,FAIL,Pune
S43,Neha,25.0,FEMALE,BCA,TY,100.0,30.0,45.0,17.0,12,7,FAIL,Pune
S44,Aditya,25.0,FEMALE,BA,FY,98.0,30.0,51.0,19.0,12,15,PASS,Nashik
S45,Aditya,20.0,MALE,BSc,SY,100.0,20.0,45.0,15.0,12,6,FAIL,Nashik
S46,Vihaan,18.0,FEMALE,BSc,FY,100.0,27.0,35.0,18.0,12,15,PASS,Nashik
S47,Aditya,15.0,FEMALE,BBA,SY,98.0,32.0,45.0,13.0,12,3,PASS,Mumbai
S48,Saanvi,25.0,FEMALE,BA,SY,100.0,30.0,45.0,12.0,0,6,PASS,Nashik
S49,Aarav,25.0,MALE,BA,SY,98.0,30.0,36.0,20.0,0,15,FAIL,Mumbai
S50,Karan,15.0,FEMALE,BCom,SY,98.0,30.0,45.0,15.0,4,15,FAIL,Nashik
S51,Karan,25.0,FEMALE,BCA,FY,93.0,30.0,45.0,15.0,12,2,PASS,Pune
S52,Rohan,21.0,FEMALE,BA,SY,100.0,32.0,45.0,15.0,12,15,PASS,Pune
S53,Neha,15.0,FEMALE,BSc,TY,98.0,28.0,45.0,15.0,12,1,PASS,Nashik
S54,Saanvi,25.0,FEMALE,BCA,TY,100.0,30.0,50.0,14.0,12,3,FAIL,Mumbai
S55,Aarav,25.0,FEMALE,BA,FY,98.0,24.0,45.0,15.0,0,5,FAIL,Pune
S56,Vihaan,25.0,MALE,BSc,SY,98.0,30.0,45.0,17.0,12,2,PASS,Pune
S57,Karan,25.0,MALE,BSc,TY,51.0,40.0,60.0,15.0,12,15,FAIL,Nashik
S58,Neha,25.0,MALE,BBA,SY,98.0,27.0,45.0,15.0,12,15,PASS,Mumbai
S59,Karan,25.0,FEMALE,BCA,FY,98.0,30.0,35.0,15.0,12,15,PASS,Mumbai
S60,Isha,15.0,MALE,BCom,TY,87.0,30.0,59.0,15.0,9,15,PASS,Pune
S61,Pooja,15.0,FEMALE,BCom,SY,98.0,30.0,36.0,15.0,12,15,PASS,Nashik
S62,Neha,25.0,MALE,BCA,FY,100.0,30.0,59.0,17.0,5,15,FAIL,Pune
S63,Saanvi,15.0,MALE,BBA,SY,100.0,30.0,45.0,17.0,0,7,FAIL,Mumbai
S64,Karan,25.0,MALE,BBA,SY,71.0,25.0,45.0,15.0,12,15,FAIL,Nashik
S65,Neha,25.0,FEMALE,BCom,TY,100.0,28.0,49.0,20.0,12,15,FAIL,Nashik
S66,Karan,25.0,MALE,BBA,TY,100.0,31.0,45.0,15.0,12,15,PASS,Pune
S67,Isha,15.0,MALE,BBA,SY,98.0,29.0,45.0,15.0,0,4,PASS,Pune
S68,Vihaan,24.0,MALE,BCA,SY,95.0,30.0,45.0,15.0,12,15,PASS,Nashik
S69,Rohan,25.0,MALE,BCA,FY,100.0,30.0,45.0,15.0,0,6,FAIL,Pune
S70,Rohan,15.0,MALE,BCom,FY,100.0,30.0,45.0,15.0,12,15,FAIL,Mumbai
S71,Pooja,25.0,MALE,BBA,SY,100.0,30.0,37.0,15.0,0,15,FAIL,Nashik
S72,Neha,25.0,FEMALE,BSc,SY,100.0,27.0,43.0,15.0,9,3,PASS,Nashik
S73,Rohan,25.0,FEMALE,BSc,TY,98.0,24.0,49.0,16.0,0,8,PASS,Pune
S74,Rohan,25.0,FEMALE,BSc,SY,100.0,21.0,45.0,20.0,12,7,PASS,Nashik
S75,Saanvi,15.0,FEMALE,BBA,SY,100.0,31.0,45.0,12.0,12,2,FAIL,Mumbai
S76,Pooja,22.0,FEMALE,BSc,SY,60.0,30.0,45.0,15.0,12,5,FAIL,Nashik
S77,Neha,25.0,MALE,BCA,SY,100.0,22.0,53.0,20.0,12,15,FAIL,Nashik
S78,Rohan,25.0,FEMALE,BSc,FY,98.0,30.0,45.0,14.0,12,6,FAIL,Pune
S79,Neha,25.0,MALE,BA,FY,96.0,30.0,57.0,13.0,12,15,FAIL,Mumbai
S80,Pooja,15.0,FEMALE,BSc,FY,89.0,30.0,34.0,15.0,12,2,PASS,Nashik
S81,Neha,15.0,FEMALE,BSc,FY,100.0,30.0,45.0,19.0,12,15,PASS,Pune
S82,Isha,22.0,FEMALE,BSc,FY,100.0,30.0,45.0,15.0,12,15,FAIL,Pune
S83,Aditya,25.0,FEMALE,BCom,SY,100.0,30.0,47.0,15.0,0,3,PASS,Nashik
S84,Saanvi,15.0,MALE,BBA,SY,61.0,37.0,50.0,15.0,0,15,FAIL,Nashik
S85,Vihaan,25.0,MALE,BCom,FY,98.0,30.0,32.0,15.0,0,3,PASS,Pune
S86,Isha,25.0,MALE,BSc,TY,100.0,30.0,44.0,15.0,9,4,FAIL,Nashik
S87,Isha,25.0,FEMALE,BSc,TY,90.0,32.0,45.0,20.0,12,4,FAIL,Pune
S88,Aditya,25.0,FEMALE,BSc,SY,98.0,40.0,43.0,15.0,0,1,FAIL,Pune
S89,Rohan,15.0,MALE,BCom,TY,60.0,24.0,50.0,16.0,0,7,FAIL,Mumbai
S90,Saanvi,25.0,MALE,BSc,FY,75.0,35.0,45.0,11.0,12,7,FAIL,Pune
S91,Karan,15.0,MALE,BCA,FY,86.0,27.0,45.0,11.0,12,7,FAIL,Pune
S92,Neha,15.0,MALE,BBA,TY,98.0,30.0,59.0,16.0,0,3,FAIL,Nashik
S93,Karan,25.0,FEMALE,BCom,FY,100.0,30.0,31.0,15.0,0,15,FAIL,Pune
S94,Saanvi,15.0,MALE,BA,FY,100.0,30.0,45.0,18.0,12,15,PASS,Nashik
S95,Pooja,25.0,MALE,BCom,FY,98.0,30.0,47.0,15.0,0,15,PASS,Pune
S96,Anaya,25.0,MALE,BSc,SY,98.0,20.0,45.0,15.0,7,7,PASS,Mumbai
S97,Vihaan,25.0,MALE,BCA,FY,98.0,31.0,34.0,15.0,12,15,FAIL,Mumbai
S98,Karan,15.0,FEMALE,BBA,FY,98.0,30.0,45.0,15.0,0,15,PASS,Nashik
S99,Pooja,25.0,MALE,BCA,FY,98.0,20.0,45.0,15.0,0,6,PASS,Pune
S100,Pooja,25.0,MALE,BA,TY,100.0,24.0,59.0,16.0,0,6,PASS,Pune
S101,Saanvi,25.0,FEMALE,BBA,FY,100.0,30.0,45.0,15.0,0,6,PASS,Pune
S102,Aarav,15.0,FEMALE,BCA,FY,98.0,20.0,47.0,17.0,12,2,FAIL,Mumbai
S103,Rohan,25.0,MALE,BSc,SY,70.0,30.0,45.0,11.0,0,15,FAIL,Nashik
S104,Aarav,25.0,MALE,BCA,FY,98.0,36.0,45.0,15.0,0,8,FAIL,Pune
S105,Aditya,25.0,FEMALE,BSc,FY,100.0,30.0,55.0,15.0,12,5,PASS,Nashik
S106,Saanvi,25.0,FEMALE,BCA,SY,100.0,27.0,45.0,18.0,0,15,PASS,Mumbai
S107,Isha,17.0,MALE,BSc,FY,100.0,30.0,43.0,15.0,12,15,PASS,Pune
S108,Anaya,25.0,MALE,BBA,SY,98.0,30.0,45.0,20.0,12,15,PASS,Pune
S109,Rohan,17.0,MALE,BCom,FY,100.0,30.0,35.0,15.0,12,15,PASS,Pune
S110,Pooja,17.0,MALE,BBA,FY,68.0,30.0,45.0,16.0,12,15,PASS,Nashik
S111,Aditya,23.0,FEMALE,BBA,SY,94.0,28.0,45.0,15.0,12,6,FAIL,Nashik
S112,Karan,15.0,MALE,BBA,SY,100.0,34.0,54.0,19.0,0,7,FAIL,Nashik
S113,Saanvi,25.0,FEMALE,BCom,SY,81.0,21.0,45.0,13.0,12,8,FAIL,Nashik
S114,Karan,15.0,MALE,BCom,SY,98.0,30.0,51.0,15.0,12,3,FAIL,Nashik
S115,Pooja,25.0,FEMALE,BBA,FY,85.0,33.0,45.0,18.0,12,15,PASS,Nashik
S116,Isha,20.0,FEMALE,BBA,FY,100.0,30.0,31.0,14.0,12,5,FAIL,Nashik
S117,Rohan,15.0,MALE,BCom,TY,100.0,37.0,35.0,15.0,12,15,PASS,Nashik
S118,Karan,25.0,MALE,BCom,FY,100.0,23.0,45.0,15.0,12,8,PASS,Nashik
S119,Neha,25.0,MALE,BSc,FY,98.0,30.0,40.0,15.0,9,1,PASS,Nashik
S120,Saanvi,20.0,FEMALE,BBA,TY,100.0,30.0,59.0,19.0,0,6,PASS,Mumbai
S121,Neha,25.0,FEMALE,BCom,FY,79.0,30.0,45.0,16.0,12,15,FAIL,Nashik
S122,Vihaan,25.0,MALE,BBA,TY,82.0,30.0,48.0,14.0,0,4,PASS,Nashik
S123,Pooja,15.0,MALE,BBA,FY,51.0,38.0,53.0,15.0,12,8,PASS,Nashik
S124,Neha,25.0,FEMALE,BA,SY,100.0,30.0,45.0,15.0,12,15,FAIL,Nashik
S125,Aditya,25.0,FEMALE,BCA,FY,100.0,30.0,45.0,15.0,12,15,FAIL,Mumbai
S126,Rohan,25.0,MALE,BSc,TY,98.0,31.0,45.0,17.0,12,15,FAIL,Nashik
S127,Karan,23.0,MALE,BSc,SY,98.0,30.0,54.0,10.0,12,2,PASS,Mumbai
S128,Karan,15.0,MALE,BCom,SY,100.0,39.0,45.0,15.0,0,15,FAIL,Nashik
S129,Anaya,25.0,FEMALE,BCA,TY,87.0,30.0,38.0,15.0,12,15,PASS,Pune
S130,Vihaan,15.0,MALE,BBA,SY,100.0,30.0,45.0,15.0,12,8,PASS,Pune
S131,Aditya,25.0,MALE,BSc,FY,98.0,30.0,45.0,15.0,0,15,FAIL,Pune
S132,Neha,25.0,MALE,BCom,FY,98.0,30.0,45.0,15.0,0,4,PASS,Mumbai
S133,Isha,25.0,FEMALE,BBA,FY,98.0,33.0,54.0,15.0,12,2,FAIL,Nashik
S134,Vihaan,15.0,FEMALE,BA,SY,100.0,22.0,33.0,18.0,12,15,PASS,Pune
S135,Rohan,25.0,FEMALE,BSc,TY,98.0,30.0,45.0,12.0,12,15,FAIL,Nashik
S136,Anaya,15.0,MALE,BBA,SY,100.0,34.0,45.0,10.0,12,15,FAIL,Mumbai
S137,Vihaan,25.0,FEMALE,BCom,FY,99.0,30.0,59.0,15.0,12,15,FAIL,Mumbai
S138,Aditya,17.0,MALE,BSc,SY,82.0,30.0,45.0,15.0,12,15,PASS,Mumbai
S139,Aditya,21.0,FEMALE,BA,FY,100.0,30.0,45.0,15.0,0,3,FAIL,Nashik
S140,Saanvi,25.0,FEMALE,BCA,SY,54.0,37.0,45.0,18.0,7,15,FAIL,Pune
S141,Isha,17.0,MALE,BA,SY,98.0,27.0,60.0,15.0,12,7,PASS,Pune
S142,Neha,15.0,FEMALE,BCA,FY,97.0,30.0,45.0,10.0,6,15,FAIL,Nashik
S143,Pooja,15.0,FEMALE,BA,SY,98.0,34.0,45.0,15.0,12,7,PASS,Mumbai
S144,Aarav,21.0,FEMALE,BA,SY,100.0,30.0,45.0,20.0,12,15,FAIL,Pune
S145,Vihaan,25.0,FEMALE,BSc,SY,98.0,30.0,47.0,15.0,12,15,FAIL,Pune
S146,Rohan,25.0,FEMALE,BSc,SY,100.0,30.0,45.0,15.0,12,15,FAIL,Pune
S147,Aarav,21.0,MALE,BBA,FY,98.0,21.0,45.0,18.0,12,15,PASS,Pune
S148,Neha,25.0,FEMALE,BBA,FY,100.0,36.0,45.0,15.0,12,1,PASS,Nashik
S149,Aarav,25.0,FEMALE,BBA,TY,100.0,37.0,49.0,15.0,12,1,PASS,Nashik
S150,Aditya,25.0,FEMALE,BSc,TY,98.0,38.0,45.0,15.0,0,6,FAIL,Nashik
S151,Vihaan,15.0,MALE,BSc,SY,98.0,33.0,41.0,14.0,12,2,FAIL,Nashik
S152,Rohan,15.0,MALE,BA,TY,98.0,30.0,45.0,15.0,0,15,FAIL,Nashik
S153,Karan,25.0,FEMALE,BBA,SY,100.0,30.0,45.0,15.0,12,2,FAIL,Pune
S154,Vihaan,25.0,MALE,BA,SY,80.0,24.0,45.0,15.0,12,6,FAIL,Pune
S155,Karan,25.0,MALE,BBA,FY,98.0,30.0,46.0,14.0,12,15,PASS,Mumbai
S156,Aditya,25.0,FEMALE,BBA,SY,52.0,30.0,45.0,15.0,12,6,FAIL,Nashik
S157,Isha,25.0,FEMALE,BBA,SY,62.0,33.0,36.0,15.0,12,15,PASS,Mumbai
S158,Rohan,15.0,FEMALE,BA,FY,98.0,20.0,54.0,19.0,12,15,FAIL,Mumbai
S159,Vihaan,15.0,FEMALE,BCA,SY,52.0,39.0,39.0,15.0,0,15,PASS,Nashik
S160,Vihaan,25.0,MALE,BCA,FY,59.0,35.0,53.0,14.0,0,2,FAIL,Nashik
S161,Vihaan,25.0,FEMALE,BBA,SY,100.0,30.0,45.0,13.0,12,15,FAIL,Pune
S162,Saanvi,23.0,MALE,BBA,SY,74.0,22.0,58.0,15.0,12,4,FAIL,Mumbai
S163,Karan,15.0,MALE,BBA,FY,98.0,21.0,50.0,16.0,12,6,FAIL,Nashik
S164,Vihaan,25.0,MALE,BCom,FY,98.0,30.0,45.0,15.0,0,15,FAIL,Nashik
S165,Karan,25.0,MALE,BSc,FY,98.0,30.0,39.0,15.0,12,4,FAIL,Mumbai
S166,Vihaan,17.0,FEMALE,BBA,FY,100.0,30.0,45.0,15.0,0,15,FAIL,Pune
S167,Aarav,25.0,FEMALE,BCom,SY,100.0,30.0,46.0,15.0,6,15,FAIL,Nashik
S168,Aarav,15.0,FEMALE,BBA,TY,100.0,30.0,45.0,15.0,12,1,FAIL,Nashik
S169,Pooja,23.0,MALE,BCom,TY,100.0,30.0,45.0,15.0,0,15,FAIL,Mumbai
S170,Saanvi,25.0,FEMALE,BBA,FY,96.0,30.0,45.0,15.0,12,15,FAIL,Nashik
S171,Saanvi,25.0,MALE,BCom,SY,98.0,24.0,60.0,15.0,0,15,PASS,Pune
S172,Aditya,25.0,MALE,BSc,SY,68.0,30.0,45.0,14.0,2,15,FAIL,Mumbai
S173,Aditya,25.0,FEMALE,BBA,FY,64.0,28.0,45.0,15.0,0,15,FAIL,Pune
S174,Rohan,25.0,MALE,BCA,SY,100.0,30.0,48.0,15.0,12,7,FAIL,Mumbai
S175,Vihaan,25.0,MALE,BSc,SY,98.0,30.0,47.0,15.0,12,15,PASS,Mumbai
S176,Vihaan,25.0,FEMALE,BA,SY,100.0,29.0,32.0,11.0,12,5,FAIL,Nashik
S177,Anaya,24.0,FEMALE,BSc,SY,100.0,30.0,38.0,15.0,12,5,PASS,Pune
S178,Rohan,25.0,FEMALE,BA,TY,53.0,30.0,45.0,18.0,0,15,FAIL,Mumbai
S179,Neha,15.0,FEMALE,BSc,SY,80.0,30.0,45.0,17.0,0,15,PASS,Pune
S180,Vihaan,25.0,MALE,BA,SY,88.0,30.0,31.0,15.0,12,15,PASS,Pune
S181,Aarav,20.0,FEMALE,BCom,TY,100.0,34.0,48.0,19.0,12,2,FAIL,Nashik
S182,Neha,15.0,MALE,BCA,TY,100.0,30.0,31.0,15.0,6,8,FAIL,Pune
S183,Aarav,15.0,MALE,BCom,FY,67.0,30.0,43.0,15.0,12,6,FAIL,Pune
S184,Rohan,25.0,FEMALE,BBA,FY,75.0,30.0,45.0,18.0,0,2,FAIL,Nashik
S185,Karan,25.0,FEMALE,BA,TY,100.0,30.0,45.0,15.0,12,3,FAIL,Pune
S186,Vihaan,25.0,FEMALE,BCom,FY,100.0,32.0,45.0,15.0,12,15,FAIL,Mumbai
S187,Neha,15.0,MALE,BBA,FY,100.0,30.0,51.0,17.0,0,5,FAIL,Pune
S188,Aditya,15.0,MALE,BBA,FY,100.0,30.0,42.0,15.0,0,6,FAIL,Pune
S189,Vihaan,25.0,MALE,BBA,TY,100.0,24.0,34.0,15.0,0,15,FAIL,Pune
S190,Karan,17.0,FEMALE,BCA,TY,100.0,30.0,45.0,15.0,12,15,FAIL,Pune
S191,Isha,25.0,MALE,BCA,FY,98.0,30.0,45.0,15.0,0,8,PASS,Pune
S192,Isha,25.0,MALE,BSc,SY,100.0,30.0,45.0,16.0,12,7,PASS,Pune
S193,Anaya,25.0,FEMALE,BSc,SY,98.0,30.0,45.0,15.0,1,15,FAIL,Nashik
S194,Anaya,21.0,MALE,BA,TY,67.0,30.0,45.0,17.0,8,15,FAIL,Nashik
S195,Rohan,15.0,MALE,BCA,FY,87.0,30.0,52.0,15.0,0,8,FAIL,Nashik
S196,Isha,25.0,MALE,BBA,SY,59.0,35.0,41.0,17.0,12,1,PASS,Nashik
S197,Isha,15.0,MALE,BSc,TY,65.0,24.0,38.0,17.0,12,15,FAIL,Nashik
S198,Aditya,19.0,MALE,BBA,TY,98.0,30.0,45.0,19.0,12,4,FAIL,Pune
S199,Pooja,25.0,MALE,BCA,SY,100.0,30.0,42.0,19.0,12,5,PASS,Mumbai
S200,Anaya,20.0,FEMALE,BCom,SY,100.0,30.0,45.0,10.0,12,15,FAIL,Nashik
S201,Anaya,25.0,MALE,BCA,TY,100.0,21.0,45.0,15.0,0,15,PASS,Nashik
S202,Neha,15.0,MALE,BA,SY,98.0,30.0,49.0,20.0,0,3,FAIL,Nashik
S203,Aarav,15.0,MALE,BBA,TY,100.0,30.0,45.0,15.0,12,15,PASS,Nashik
S204,Rohan,25.0,MALE,BCA,TY,100.0,30.0,45.0,12.0,0,15,FAIL,Mumbai
S205,Aarav,25.0,FEMALE,BSc,SY,76.0,33.0,45.0,19.0,12,2,FAIL,Nashik
S206,Saanvi,25.0,FEMALE,BCA,FY,100.0,30.0,59.0,15.0,12,15,PASS,Pune
S207,Vihaan,15.0,FEMALE,BSc,FY,89.0,30.0,45.0,15.0,12,15,PASS,Mumbai
S208,Aarav,15.0,FEMALE,BSc,SY,100.0,30.0,45.0,15.0,12,15,PASS,Mumbai
S209,Isha,25.0,FEMALE,BBA,TY,60.0,30.0,45.0,15.0,0,15,PASS,Pune
S210,Aarav,17.0,FEMALE,BSc,TY,63.0,30.0,40.0,19.0,12,5,PASS,Pune
S211,Isha,25.0,MALE,BA,TY,50.0,30.0,45.0,13.0,0,8,PASS,Pune
S212,Isha,25.0,FEMALE,BCA,FY,92.0,30.0,45.0,14.0,0,8,PASS,Pune
S213,Rohan,25.0,MALE,BCom,FY,93.0,34.0,45.0,15.0,8,15,FAIL,Pune
S214,Aarav,25.0,FEMALE,BA,SY,100.0,21.0,38.0,15.0,8,15,FAIL,Mumbai
S215,Isha,25.0,MALE,BCA,SY,100.0,30.0,45.0,15.0,0,4,FAIL,Pune
S216,Aditya,17.0,FEMALE,BBA,SY,100.0,30.0,48.0,18.0,0,15,PASS,Mumbai
S217,Pooja,25.0,MALE,BCom,FY,100.0,21.0,45.0,18.0,12,4,FAIL,Mumbai
S218,Isha,15.0,FEMALE,BCA,SY,62.0,30.0,48.0,16.0,0,2,PASS,Pune
S219,Aditya,25.0,MALE,BCom,FY,98.0,30.0,45.0,10.0,12,15,FAIL,Nashik
S220,Vihaan,25.0,MALE,BCA,FY,98.0,25.0,45.0,15.0,12,15,PASS,Pune
S221,Neha,25.0,FEMALE,BCA,FY,100.0,30.0,56.0,15.0,12,2,FAIL,Mumbai
S222,Pooja,25.0,FEMALE,BCA,SY,98.0,30.0,31.0,15.0,11,1,PASS,Pune
S223,Saanvi,17.0,MALE,BA,FY,98.0,30.0,44.0,15.0,12,15,PASS,Pune
S224,Rohan,15.0,FEMALE,BCA,FY,98.0,34.0,45.0,15.0,12,15,PASS,Pune
S225,Pooja,15.0,MALE,BA,FY,98.0,22.0,30.0,15.0,12,15,FAIL,Nashik
S226,Rohan,25.0,FEMALE,BCA,TY,66.0,30.0,45.0,10.0,0,6,PASS,Pune
S227,Vihaan,25.0,FEMALE,BCA,SY,99.0,30.0,35.0,15.0,0,1,PASS,Pune
S228,Neha,17.0,FEMALE,BCA,TY,81.0,40.0,45.0,14.0,0,15,PASS,Mumbai
S229,Aditya,25.0,FEMALE,BSc,FY,98.0,30.0,47.0,15.0,0,15,PASS,Pune
S230,Isha,25.0,MALE,BCom,SY,90.0,30.0,55.0,15.0,0,15,PASS,Nashik
S231,Isha,25.0,MALE,BBA,SY,81.0,30.0,44.0,15.0,12,5,FAIL,Pune
S232,Karan,15.0,FEMALE,BSc,TY,98.0,20.0,42.0,15.0,12,15,PASS,Nashik
S233,Aarav,15.0,MALE,BCom,FY,100.0,30.0,45.0,12.0,12,5,PASS,Mumbai
S234,Rohan,25.0,FEMALE,BCom,FY,98.0,21.0,45.0,15.0,0,8,PASS,Pune
S235,Aditya,19.0,FEMALE,BSc,TY,53.0,30.0,45.0,17.0,12,15,PASS,Nashik
S236,Pooja,15.0,FEMALE,BA,TY,78.0,35.0,33.0,17.0,12,6,PASS,Pune
S237,Isha,15.0,MALE,BSc,SY,100.0,21.0,45.0,19.0,12,6,PASS,Nashik
S238,Saanvi,15.0,MALE,BSc,TY,90.0,30.0,45.0,20.0,0,15,PASS,Pune
S239,Vihaan,25.0,FEMALE,BCA,FY,100.0,30.0,36.0,15.0,12,15,PASS,Pune
S240,Vihaan,25.0,FEMALE,BSc,FY,67.0,37.0,33.0,15.0,12,15,FAIL,Pune
S241,Karan,25.0,MALE,BCom,SY,100.0,30.0,44.0,12.0,0,5,PASS,Mumbai
S242,Karan,25.0,MALE,BSc,TY,98.0,20.0,45.0,15.0,12,6,PASS,Nashik
S243,Aarav,18.0,FEMALE,BBA,SY,100.0,30.0,45.0,11.0,12,5,FAIL,Pune
S244,Aditya,15.0,FEMALE,BCom,FY,100.0,32.0,31.0,15.0,0,3,PASS,Nashik
S245,Aarav,25.0,FEMALE,BSc,FY,100.0,30.0,45.0,15.0,12,8,FAIL,Pune
S246,Aditya,21.0,MALE,BA,TY,59.0,30.0,45.0,15.0,0,15,PASS,Mumbai
S247,Isha,15.0,FEMALE,BSc,SY,94.0,30.0,45.0,15.0,12,15,PASS,Pune
S248,Neha,25.0,MALE,BCom,FY,100.0,25.0,45.0,15.0,12,5,FAIL,Pune
S249,Saanvi,15.0,MALE,BCA,FY,86.0,30.0,37.0,15.0,0,15,PASS,Mumbai
S250,Neha,25.0,MALE,BCom,FY,98.0,30.0,45.0,17.0,12,6,FAIL,Pune
S251,Aarav,25.0,MALE,BA,SY,59.0,30.0,51.0,15.0,12,15,PASS,Nashik
S252,Saanvi,25.0,FEMALE,BSc,TY,98.0,30.0,39.0,15.0,4,2,PASS,Mumbai
S253,Neha,25.0,MALE,BSc,SY,65.0,26.0,47.0,15.0,12,2,FAIL,Pune
S254,Aditya,15.0,FEMALE,BCom,FY,98.0,35.0,42.0,13.0,12,5,FAIL,Nashik
S255,Karan,15.0,MALE,BA,FY,91.0,29.0,45.0,20.0,0,15,FAIL,Pune
S256,Pooja,15.0,FEMALE,BCA,SY,100.0,33.0,32.0,13.0,12,4,PASS,Mumbai
S257,Karan,15.0,FEMALE,BA,SY,67.0,37.0,37.0,19.0,8,15,PASS,Pune
S258,Anaya,25.0,MALE,BCA,FY,98.0,29.0,52.0,11.0,12,2,FAIL,Pune
S259,Anaya,25.0,FEMALE,BCom,SY,98.0,28.0,49.0,15.0,12,4,PASS,Nashik
S260,Pooja,25.0,FEMALE,BCA,SY,56.0,30.0,51.0,15.0,12,15,FAIL,Pune
S261,Saanvi,25.0,MALE,BA,SY,91.0,32.0,45.0,15.0,0,15,FAIL,Pune
S262,Aarav,25.0,FEMALE,BSc,TY,88.0,30.0,58.0,15.0,12,7,PASS,Pune
S263,Saanvi,25.0,MALE,BA,TY,68.0,26.0,45.0,15.0,0,5,FAIL,Pune
S264,Karan,15.0,FEMALE,BA,TY,98.0,31.0,45.0,14.0,12,5,PASS,Nashik
S265,Karan,25.0,FEMALE,BCA,FY,98.0,39.0,33.0,15.0,10,2,FAIL,Pune
S266,Aditya,25.0,FEMALE,BA,TY,69.0,30.0,47.0,15.0,12,15,FAIL,Nashik
S267,Isha,25.0,FEMALE,BSc,TY,63.0,30.0,45.0,15.0,0,8,PASS,Mumbai
S268,Rohan,17.0,MALE,BBA,SY,100.0,39.0,41.0,19.0,12,8,FAIL,Pune
S269,Aarav,15.0,FEMALE,BCA,SY,100.0,20.0,45.0,17.0,12,5,FAIL,Mumbai
S270,Aditya,25.0,FEMALE,BCom,FY,100.0,30.0,45.0,19.0,10,2,PASS,Nashik
S271,Isha,24.0,FEMALE,BCom,FY,100.0,30.0,35.0,15.0,0,15,FAIL,Pune
S272,Aarav,15.0,MALE,BCA,FY,100.0,23.0,34.0,15.0,2,15,PASS,Nashik
S273,Anaya,25.0,MALE,BA,FY,100.0,30.0,31.0,13.0,12,15,PASS,Pune
S274,Saanvi,25.0,MALE,BCA,SY,98.0,30.0,45.0,15.0,12,15,PASS,Pune
S275,Pooja,25.0,MALE,BCom,FY,98.0,30.0,55.0,15.0,0,8,PASS,Mumbai
S276,Neha,20.0,MALE,BSc,TY,98.0,30.0,34.0,16.0,0,1,FAIL,Mumbai
S277,Vihaan,25.0,MALE,BCom,FY,87.0,36.0,45.0,15.0,12,15,PASS,Nashik
S278,Pooja,15.0,FEMALE,BCom,FY,50.0,30.0,38.0,11.0,12,15,FAIL,Nashik
S279,Aditya,22.0,FEMALE,BSc,TY,100.0,22.0,45.0,15.0,0,15,PASS,Pune
S280,Isha,25.0,MALE,BA,SY,86.0,37.0,40.0,15.0,12,8,FAIL,Mumbai
S281,Pooja,24.0,MALE,BBA,TY,98.0,30.0,45.0,15.0,12,15,PASS,Pune
S282,Pooja,21.0,FEMALE,BBA,SY,98.0,36.0,58.0,12.0,0,5,FAIL,Pune
S283,Neha,21.0,FEMALE,BSc,TY,98.0,28.0,43.0,15.0,12,1,FAIL,Nashik
S284,Isha,15.0,MALE,BCom,FY,100.0,30.0,45.0,15.0,12,15,FAIL,Nashik
S285,Aditya,20.0,FEMALE,BA,FY,65.0,35.0,45.0,15.0,12,5,PASS,Nashik
S286,Karan,22.0,FEMALE,BCA,SY,100.0,30.0,58.0,15.0,0,15,PASS,Nashik
S287,Aditya,25.0,MALE,BBA,SY,100.0,30.0,45.0,15.0,12,15,FAIL,Nashik
S288,Rohan,25.0,MALE,BCA,FY,90.0,30.0,45.0,15.0,12,15,PASS,Pune
S289,Neha,25.0,MALE,BBA,SY,100.0,30.0,46.0,14.0,12,15,FAIL,Nashik
S290,Isha,25.0,FEMALE,BSc,TY,68.0,34.0,45.0,15.0,0,15,FAIL,Mumbai
S291,Aditya,25.0,FEMALE,BSc,FY,69.0,30.0,45.0,18.0,12,1,FAIL,Nashik
S292,Neha,25.0,FEMALE,BA,SY,100.0,20.0,53.0,15.0,12,15,PASS,Nashik
S293,Vihaan,15.0,FEMALE,BBA,FY,100.0,30.0,45.0,15.0,0,1,PASS,Nashik
S294,Pooja,25.0,MALE,BBA,TY,98.0,30.0,45.0,19.0,12,6,FAIL,Pune
S295,Aarav,15.0,FEMALE,BBA,TY,92.0,30.0,58.0,12.0,12,7,FAIL,Nashik
S296,Rohan,25.0,FEMALE,BA,SY,81.0,30.0,45.0,15.0,12,2,FAIL,Mumbai
S297,Pooja,19.0,MALE,BBA,SY,57.0,30.0,45.0,14.0,12,3,FAIL,Mumbai
S298,Aarav,25.0,FEMALE,BCom,FY,100.0,30.0,30.0,12.0,12,15,PASS,Pune
S299,Anaya,25.0,MALE,BCA,FY,98.0,36.0,45.0,15.0,0,15,PASS,Mumbai
S300,Isha,25.0,MALE,BCom,FY,100.0,36.0,50.0,15.0,12,15,PASS,Nashik
S301,Karan,15.0,FEMALE,BCA,TY,100.0,37.0,45.0,15.0,12,15,PASS,Nashik
S302,Aditya,25.0,FEMALE,BSc,SY,100.0,21.0,45.0,15.0,0,15,PASS,Pune
S303,Isha,15.0,MALE,BBA,FY,98.0,30.0,38.0,16.0,12,15,PASS,Nashik
S304,Vihaan,25.0,FEMALE,BSc,FY,98.0,30.0,58.0,17.0,0,2,FAIL,Nashik
S305,Karan,19.0,MALE,BA,FY,98.0,26.0,43.0,11.0,12,5,PASS,Pune
S306,Neha,25.0,MALE,BSc,SY,98.0,30.0,45.0,15.0,12,15,FAIL,Nashik
S307,Pooja,25.0,FEMALE,BSc,SY,100.0,31.0,35.0,11.0,0,15,PASS,Nashik
S308,Neha,19.0,FEMALE,BBA,SY,98.0,30.0,45.0,15.0,12,6,FAIL,Pune
S309,Anaya,24.0,FEMALE,BSc,SY,100.0,36.0,45.0,15.0,12,4,FAIL,Pune
S310,Aarav,25.0,FEMALE,BSc,SY,100.0,30.0,30.0,15.0,12,15,FAIL,Pune
S311,Rohan,15.0,MALE,BSc,SY,64.0,32.0,45.0,15.0,12,15,PASS,Pune
S312,Neha,25.0,FEMALE,BCom,FY,98.0,30.0,56.0,15.0,12,15,FAIL,Nashik
S313,Isha,18.0,MALE,BA,SY,98.0,30.0,42.0,15.0,0,5,FAIL,Nashik
S314,Saanvi,25.0,FEMALE,BSc,FY,98.0,30.0,45.0,19.0,12,4,FAIL,Nashik
S315,Saanvi,15.0,FEMALE,BCA,SY,98.0,30.0,45.0,16.0,0,15,FAIL,Pune
S316,Vihaan,15.0,MALE,BCA,FY,98.0,27.0,52.0,18.0,12,15,FAIL,Nashik
S317,Anaya,25.0,FEMALE,BA,FY,98.0,30.0,41.0,15.0,0,15,FAIL,Pune
S318,Karan,25.0,FEMALE,BCA,SY,100.0,23.0,45.0,15.0,12,6,PASS,Mumbai
S319,Aarav,22.0,FEMALE,BA,SY,98.0,30.0,31.0,15.0,12,7,FAIL,Mumbai
S320,Karan,25.0,FEMALE,BCA,SY,65.0,30.0,42.0,15.0,1,1,FAIL,Nashik
S321,Rohan,17.0,FEMALE,BSc,FY,86.0,37.0,56.0,16.0,0,15,FAIL,Nashik
S322,Aarav,25.0,FEMALE,BCA,TY,100.0,30.0,45.0,15.0,0,15,FAIL,Nashik
S323,Rohan,20.0,FEMALE,BCom,FY,98.0,30.0,45.0,16.0,12,1,FAIL,Pune
S324,Aditya,20.0,MALE,BSc,FY,69.0,30.0,34.0,12.0,12,15,PASS,Pune
S325,Neha,15.0,FEMALE,BCom,FY,98.0,30.0,45.0,15.0,0,15,PASS,Nashik
S326,Aditya,22.0,MALE,BBA,SY,98.0,32.0,31.0,11.0,12,15,PASS,Mumbai
S327,Isha,15.0,MALE,BCom,TY,100.0,38.0,45.0,17.0,8,15,FAIL,Nashik
S328,Rohan,25.0,MALE,BSc,FY,55.0,30.0,54.0,13.0,12,3,PASS,Pune
S329,Neha,25.0,FEMALE,BCom,TY,97.0,30.0,45.0,15.0,12,8,PASS,Pune
S330,Karan,18.0,MALE,BSc,SY,100.0,25.0,30.0,15.0,0,15,PASS,Pune
S331,Neha,25.0,MALE,BCA,FY,68.0,30.0,45.0,15.0,9,15,FAIL,Mumbai
S332,Vihaan,25.0,MALE,BSc,FY,98.0,38.0,45.0,16.0,10,15,FAIL,Nashik
S333,Vihaan,18.0,MALE,BA,SY,98.0,22.0,45.0,15.0,12,6,FAIL,Nashik
S334,Aarav,19.0,FEMALE,BSc,SY,93.0,36.0,58.0,11.0,12,8,FAIL,Pune
S335,Rohan,25.0,FEMALE,BCom,FY,98.0,30.0,32.0,15.0,12,7,PASS,Pune
S336,Pooja,15.0,FEMALE,BBA,SY,98.0,36.0,31.0,15.0,12,7,FAIL,Pune
S337,Vihaan,17.0,FEMALE,BCom,SY,80.0,30.0,45.0,13.0,12,6,PASS,Pune
S338,Aarav,25.0,MALE,BA,SY,100.0,30.0,54.0,15.0,0,2,PASS,Pune
S339,Pooja,25.0,FEMALE,BSc,FY,98.0,30.0,45.0,15.0,8,15,PASS,Pune
S340,Aarav,25.0,MALE,BBA,SY,84.0,30.0,45.0,15.0,12,2,PASS,Pune
S341,Vihaan,24.0,MALE,BCA,FY,100.0,30.0,45.0,15.0,12,4,PASS,Mumbai
S342,Aditya,15.0,MALE,BSc,FY,100.0,24.0,45.0,20.0,0,15,PASS,Pune
S343,Isha,23.0,FEMALE,BCA,FY,100.0,30.0,45.0,13.0,0,7,FAIL,Nashik
S344,Saanvi,25.0,MALE,BCom,SY,98.0,30.0,57.0,19.0,0,15,FAIL,Pune
S345,Aditya,25.0,FEMALE,BCom,SY,98.0,30.0,52.0,15.0,0,15,PASS,Mumbai
S346,Anaya,15.0,MALE,BCom,FY,98.0,30.0,45.0,16.0,12,15,FAIL,Nashik
S347,Aditya,15.0,MALE,BSc,SY,76.0,33.0,33.0,11.0,12,15,FAIL,Mumbai
S348,Pooja,19.0,MALE,BA,FY,98.0,30.0,45.0,15.0,12,2,PASS,Pune
S349,Vihaan,21.0,MALE,BSc,FY,98.0,30.0,55.0,15.0,12,8,PASS,Nashik
S350,Vihaan,20.0,FEMALE,BA,TY,100.0,30.0,38.0,18.0,12,15,PASS,Pune
S351,Aditya,25.0,MALE,BA,FY,92.0,30.0,45.0,15.0,0,5,FAIL,Pune
S352,Aditya,25.0,MALE,BA,SY,98.0,28.0,45.0,16.0,12,6,FAIL,Pune
S353,Anaya,15.0,MALE,BCA,TY,85.0,29.0,35.0,15.0,0,1,FAIL,Nashik
S354,Neha,15.0,MALE,BSc,SY,98.0,39.0,50.0,15.0,12,15,FAIL,Nashik
S355,Aarav,25.0,MALE,BCA,SY,98.0,30.0,45.0,15.0,12,15,FAIL,Pune
S356,Aarav,25.0,FEMALE,BA,FY,100.0,30.0,45.0,15.0,12,15,FAIL,Pune
S357,Aarav,25.0,FEMALE,BCA,SY,100.0,30.0,45.0,13.0,12,15,PASS,Pune
S358,Rohan,15.0,FEMALE,BA,FY,100.0,30.0,30.0,15.0,12,1,FAIL,Mumbai
S359,Pooja,25.0,MALE,BA,SY,98.0,30.0,46.0,15.0,9,15,PASS,Nashik
S360,Aditya,25.0,FEMALE,BCA,FY,100.0,30.0,31.0,10.0,12,15,FAIL,Pune
S361,Aditya,17.0,MALE,BCom,FY,53.0,23.0,45.0,15.0,0,7,FAIL,Pune
S362,Rohan,20.0,FEMALE,BCom,TY,100.0,39.0,53.0,15.0,1,15,PASS,Nashik
S363,Isha,25.0,MALE,BBA,SY,98.0,30.0,59.0,15.0,12,15,FAIL,Nashik
S364,Aditya,15.0,FEMALE,BA,TY,100.0,30.0,38.0,12.0,0,15,FAIL,Nashik
S365,Saanvi,15.0,FEMALE,BSc,TY,100.0,28.0,45.0,20.0,12,15,FAIL,Mumbai
S366,Karan,25.0,MALE,BCom,FY,90.0,36.0,45.0,15.0,12,6,FAIL,Mumbai
S367,Neha,25.0,FEMALE,BSc,FY,70.0,30.0,45.0,15.0,1,15,FAIL,Pune
S368,Aditya,15.0,MALE,BCA,FY,100.0,24.0,45.0,15.0,12,15,FAIL,Nashik
S369,Vihaan,23.0,MALE,BCom,FY,90.0,30.0,35.0,15.0,12,15,PASS,Nashik
S370,Saanvi,15.0,FEMALE,BA,TY,98.0,30.0,45.0,10.0,0,8,PASS,Pune
S371,Aditya,25.0,FEMALE,BBA,FY,89.0,30.0,44.0,10.0,12,4,FAIL,Nashik
S372,Aditya,25.0,FEMALE,BCA,FY,64.0,24.0,31.0,15.0,12,15,FAIL,Pune
S373,Neha,25.0,MALE,BBA,SY,98.0,30.0,45.0,15.0,12,15,FAIL,Nashik
S374,Isha,15.0,FEMALE,BSc,TY,96.0,30.0,45.0,19.0,0,15,FAIL,Pune
S375,Aditya,15.0,FEMALE,BSc,SY,100.0,23.0,45.0,13.0,12,15,PASS,Pune
S376,Isha,25.0,FEMALE,BCA,SY,100.0,34.0,57.0,16.0,12,5,FAIL,Pune
S377,Pooja,23.0,MALE,BBA,FY,78.0,39.0,42.0,15.0,12,15,PASS,Nashik
S378,Pooja,25.0,MALE,BCom,TY,98.0,28.0,45.0,20.0,11,8,PASS,Pune
S379,Pooja,18.0,MALE,BBA,TY,98.0,30.0,45.0,17.0,0,15,PASS,Mumbai
S380,Rohan,24.0,MALE,BCom,FY,100.0,30.0,45.0,15.0,0,15,PASS,Mumbai
S381,Aditya,25.0,MALE,BA,SY,98.0,30.0,45.0,18.0,0,1,PASS,Pune
S382,Karan,25.0,FEMALE,BSc,SY,65.0,23.0,37.0,15.0,0,8,FAIL,Mumbai
S383,Anaya,25.0,FEMALE,BA,SY,70.0,30.0,45.0,12.0,2,5,FAIL,Mumbai
S384,Aarav,24.0,MALE,BCom,FY,100.0,33.0,45.0,17.0,12,15,PASS,Mumbai
S385,Karan,15.0,MALE,BCA,FY,98.0,30.0,45.0,11.0,12,15,FAIL,Nashik
S386,Vihaan,25.0,FEMALE,BA,SY,98.0,21.0,58.0,15.0,12,15,PASS,Nashik
S387,Aditya,15.0,FEMALE,BBA,TY,100.0,25.0,45.0,11.0,0,7,FAIL,Nashik
S388,Anaya,25.0,FEMALE,BCom,FY,100.0,28.0,45.0,19.0,12,15,PASS,Pune
S389,Saanvi,25.0,MALE,BCom,TY,98.0,30.0,45.0,15.0,12,5,FAIL,Pune
S390,Isha,21.0,FEMALE,BA,TY,85.0,30.0,30.0,15.0,12,3,FAIL,Mumbai
S391,Aditya,15.0,FEMALE,BBA,FY,100.0,30.0,45.0,15.0,12,15,FAIL,Nashik
S392,Saanvi,15.0,FEMALE,BBA,SY,98.0,32.0,58.0,17.0,0,15,FAIL,Pune
S393,Vihaan,22.0,FEMALE,BA,SY,88.0,38.0,45.0,14.0,12,1,FAIL,Nashik
S394,Karan,25.0,FEMALE,BCA,TY,98.0,38.0,45.0,15.0,0,6,FAIL,Pune
S395,Pooja,25.0,FEMALE,BBA,SY,74.0,30.0,60.0,18.0,12,15,FAIL,Pune
S396,Aarav,25.0,FEMALE,BCom,TY,100.0,29.0,52.0,11.0,0,8,PASS,Mumbai
S397,Rohan,25.0,FEMALE,BSc,SY,100.0,30.0,31.0,15.0,12,7,PASS,Pune
S398,Karan,19.0,MALE,BBA,FY,100.0,37.0,34.0,15.0,6,1,FAIL,Mumbai
S399,Aarav,23.0,MALE,BSc,FY,100.0,30.0,45.0,13.0,0,2,FAIL,Nashik
S400,Aditya,21.0,FEMALE,BBA,FY,98.0,21.0,45.0,15.0,12,15,PASS,Pune
S401,Karan,25.0,FEMALE,BCA,SY,100.0,30.0,31.0,15.0,0,15,PASS,Nashik
S402,Aarav,18.0,FEMALE,BA,SY,93.0,30.0,58.0,16.0,12,15,PASS,Pune
S403,Rohan,22.0,FEMALE,BSc,SY,100.0,40.0,40.0,11.0,12,15,FAIL,Pune
S404,Rohan,15.0,FEMALE,BA,TY,100.0,22.0,45.0,18.0,12,15,PASS,Nashik
S405,Isha,25.0,FEMALE,BA,FY,98.0,30.0,45.0,15.0,0,7,FAIL,Pune
S406,Neha,19.0,MALE,BBA,SY,100.0,30.0,37.0,11.0,0,15,PASS,Pune
S407,Vihaan,25.0,FEMALE,BBA,FY,98.0,28.0,45.0,15.0,12,15,FAIL,Mumbai
S408,Isha,25.0,FEMALE,BSc,TY,56.0,25.0,45.0,17.0,0,15,FAIL,Pune
S409,Rohan,18.0,FEMALE,BCA,SY,50.0,30.0,54.0,15.0,12,1,PASS,Nashik
S410,Pooja,15.0,FEMALE,BSc,FY,100.0,30.0,45.0,16.0,12,15,PASS,Pune
S411,Neha,15.0,MALE,BSc,SY,52.0,29.0,45.0,15.0,0,15,FAIL,Nashik
S412,Vihaan,25.0,MALE,BSc,SY,98.0,21.0,45.0,15.0,0,15,PASS,Pune
S413,Isha,15.0,FEMALE,BCom,SY,100.0,30.0,53.0,14.0,0,15,PASS,Mumbai
S414,Rohan,24.0,FEMALE,BBA,SY,98.0,30.0,33.0,15.0,0,15,PASS,Pune
S415,Vihaan,25.0,MALE,BA,FY,69.0,30.0,57.0,15.0,6,15,FAIL,Pune
S416,Karan,25.0,FEMALE,BBA,SY,100.0,30.0,45.0,15.0,0,1,FAIL,Nashik
S417,Neha,25.0,FEMALE,BBA,FY,98.0,23.0,52.0,15.0,0,8,PASS,Pune
S418,Anaya,25.0,FEMALE,BCA,TY,100.0,35.0,56.0,10.0,0,15,FAIL,Mumbai
S419,Anaya,15.0,MALE,BCA,TY,88.0,30.0,45.0,11.0,12,1,FAIL,Pune
S420,Aditya,15.0,MALE,BSc,TY,63.0,29.0,45.0,14.0,0,15,FAIL,Pune
S421,Saanvi,25.0,MALE,BSc,SY,100.0,30.0,45.0,10.0,12,2,PASS,Pune
S422,Aarav,15.0,MALE,BSc,FY,100.0,38.0,36.0,10.0,0,5,FAIL,Pune
S423,Neha,25.0,MALE,BCA,TY,98.0,34.0,45.0,15.0,12,15,PASS,Nashik
S424,Isha,25.0,MALE,BBA,FY,68.0,37.0,45.0,12.0,0,3,PASS,Mumbai
S425,Aditya,25.0,MALE,BCA,SY,68.0,30.0,42.0,15.0,8,7,PASS,Pune
S426,Rohan,25.0,MALE,BA,FY,100.0,40.0,38.0,15.0,12,15,PASS,Mumbai
S427,Anaya,25.0,MALE,BA,TY,98.0,30.0,45.0,15.0,0,15,PASS,Pune
S428,Anaya,15.0,FEMALE,BSc,FY,98.0,30.0,45.0,19.0,12,15,FAIL,Pune
S429,Isha,25.0,MALE,BA,FY,98.0,30.0,43.0,15.0,0,2,PASS,Pune
S430,Pooja,25.0,FEMALE,BCA,FY,91.0,40.0,31.0,10.0,0,5,PASS,Pune
S431,Pooja,25.0,FEMALE,BA,FY,94.0,30.0,55.0,15.0,12,3,PASS,Nashik
S432,Rohan,15.0,MALE,BSc,SY,98.0,30.0,31.0,17.0,12,15,FAIL,Pune
S433,Vihaan,15.0,FEMALE,BBA,SY,100.0,38.0,45.0,14.0,12,15,PASS,Pune
S434,Saanvi,25.0,MALE,BBA,SY,100.0,34.0,45.0,18.0,0,4,FAIL,Mumbai
S435,Karan,25.0,FEMALE,BCom,TY,100.0,21.0,53.0,19.0,0,15,FAIL,Pune
S436,Saanvi,22.0,FEMALE,BBA,SY,100.0,30.0,55.0,15.0,12,15,PASS,Mumbai
S437,Aditya,25.0,MALE,BSc,SY,77.0,20.0,45.0,15.0,0,15,PASS,Mumbai
S438,Isha,15.0,MALE,BSc,SY,80.0,26.0,39.0,17.0,0,15,FAIL,Nashik
S439,Karan,19.0,FEMALE,BSc,SY,100.0,27.0,49.0,11.0,0,4,PASS,Mumbai
S440,Karan,25.0,FEMALE,BBA,TY,100.0,26.0,35.0,20.0,12,6,PASS,Pune
S441,Rohan,15.0,FEMALE,BCom,SY,98.0,26.0,46.0,15.0,0,15,FAIL,Mumbai
S442,Aditya,25.0,MALE,BCA,TY,93.0,33.0,33.0,15.0,0,15,PASS,Pune
S443,Rohan,25.0,MALE,BCA,TY,98.0,36.0,45.0,15.0,0,15,PASS,Pune
S444,Anaya,15.0,MALE,BBA,TY,100.0,20.0,46.0,15.0,0,7,FAIL,Pune
S445,Isha,22.0,FEMALE,BBA,SY,100.0,40.0,45.0,10.0,0,4,FAIL,Mumbai
S446,Vihaan,25.0,MALE,BCom,SY,83.0,31.0,45.0,16.0,12,5,PASS,Nashik
S447,Aarav,21.0,MALE,BA,SY,100.0,30.0,45.0,15.0,0,15,PASS,Nashik
S448,Aditya,23.0,MALE,BCA,FY,100.0,36.0,45.0,15.0,0,7,FAIL,Nashik
S449,Isha,15.0,MALE,BA,SY,98.0,30.0,37.0,15.0,0,6,PASS,Pune
S450,Rohan,25.0,FEMALE,BA,TY,98.0,32.0,36.0,15.0,12,7,PASS,Nashik
S451,Vihaan,25.0,MALE,BSc,TY,68.0,30.0,60.0,15.0,5,3,FAIL,Nashik
S452,Vihaan,25.0,FEMALE,BCom,FY,82.0,39.0,57.0,13.0,12,5,FAIL,Mumbai
S453,Saanvi,19.0,MALE,BSc,TY,80.0,30.0,57.0,10.0,0,3,FAIL,Nashik
S454,Rohan,25.0,MALE,BSc,FY,100.0,27.0,45.0,15.0,12,15,PASS,Nashik
S455,Aditya,22.0,MALE,BCom,FY,98.0,37.0,45.0,19.0,12,15,PASS,Pune
S456,Aarav,25.0,FEMALE,BCA,FY,62.0,30.0,45.0,15.0,12,3,FAIL,Nashik
S457,Pooja,25.0,FEMALE,BSc,SY,81.0,30.0,45.0,19.0,12,15,PASS,Mumbai
S458,Isha,25.0,FEMALE,BCom,SY,100.0,24.0,60.0,15.0,12,15,FAIL,Pune
S459,Anaya,25.0,FEMALE,BSc,FY,98.0,30.0,45.0,15.0,12,8,FAIL,Nashik
S460,Karan,25.0,MALE,BCA,FY,100.0,30.0,33.0,15.0,0,7,PASS,Nashik
S461,Rohan,25.0,MALE,BCom,SY,64.0,23.0,58.0,15.0,11,15,PASS,Nashik
S462,Rohan,15.0,MALE,BSc,FY,81.0,39.0,54.0,18.0,10,15,FAIL,Pune
S463,Pooja,25.0,FEMALE,BBA,TY,98.0,30.0,57.0,14.0,12,4,PASS,Pune
S464,Rohan,25.0,FEMALE,BA,SY,71.0,30.0,34.0,15.0,0,1,PASS,Mumbai
S465,Rohan,25.0,MALE,BCom,FY,66.0,35.0,47.0,19.0,0,15,FAIL,Pune
S466,Aarav,25.0,FEMALE,BCom,FY,100.0,30.0,45.0,13.0,0,15,PASS,Pune
S467,Karan,15.0,FEMALE,BCA,SY,98.0,30.0,31.0,12.0,12,3,PASS,Nashik
S468,Anaya,25.0,MALE,BBA,SY,50.0,30.0,53.0,18.0,12,3,FAIL,Pune
S469,Aarav,23.0,FEMALE,BBA,SY,94.0,34.0,45.0,17.0,0,3,PASS,Pune
S470,Aarav,25.0,FEMALE,BBA,FY,98.0,30.0,48.0,15.0,12,6,FAIL,Nashik
S471,Aarav,15.0,MALE,BA,FY,98.0,30.0,45.0,15.0,12,15,FAIL,Nashik
S472,Aditya,25.0,FEMALE,BCA,TY,51.0,30.0,45.0,15.0,5,2,FAIL,Pune
S473,Vihaan,25.0,FEMALE,BBA,FY,100.0,30.0,51.0,17.0,12,5,PASS,Mumbai
S474,Karan,25.0,FEMALE,BA,SY,64.0,39.0,54.0,15.0,12,7,FAIL,Pune
S475,Isha,15.0,MALE,BCA,TY,98.0,28.0,40.0,20.0,2,1,FAIL,Nashik
S476,Anaya,15.0,MALE,BCA,FY,98.0,26.0,45.0,16.0,12,15,FAIL,Nashik
S477,Aditya,15.0,MALE,BSc,TY,100.0,39.0,31.0,15.0,0,15,PASS,Mumbai
S478,Vihaan,25.0,MALE,BA,FY,98.0,30.0,45.0,19.0,12,7,FAIL,Pune
S479,Neha,19.0,FEMALE,BCom,FY,98.0,30.0,45.0,15.0,12,5,PASS,Nashik
S480,Pooja,15.0,FEMALE,BCom,SY,100.0,39.0,37.0,12.0,12,15,FAIL,Mumbai
S481,Isha,25.0,FEMALE,BA,FY,100.0,30.0,45.0,15.0,12,15,FAIL,Nashik
S482,Isha,25.0,FEMALE,BBA,FY,56.0,28.0,59.0,15.0,12,15,FAIL,Pune
S483,Rohan,25.0,FEMALE,BA,SY,100.0,22.0,40.0,19.0,2,6,PASS,Nashik
S484,Rohan,17.0,FEMALE,BBA,SY,98.0,30.0,45.0,18.0,12,15,PASS,Pune
S485,Anaya,25.0,MALE,BA,FY,90.0,30.0,45.0,15.0,12,15,FAIL,Nashik
S486,Neha,15.0,MALE,BCom,FY,94.0,30.0,45.0,12.0,10,15,PASS,Pune
S487,Anaya,17.0,FEMALE,BSc,SY,59.0,26.0,57.0,18.0,0,15,PASS,Pune
S488,Neha,18.0,FEMALE,BA,FY,98.0,30.0,33.0,15.0,6,2,FAIL,Pune
S489,Karan,23.0,MALE,BCA,FY,98.0,30.0,45.0,15.0,0,15,PASS,Nashik
S490,Aditya,15.0,FEMALE,BSc,TY,100.0,30.0,44.0,15.0,12,15,FAIL,Mumbai
S491,Vihaan,15.0,MALE,BBA,SY,98.0,30.0,45.0,15.0,12,15,PASS,Nashik
S492,Rohan,18.0,MALE,BA,TY,98.0,30.0,45.0,15.0,0,5,PASS,Mumbai
S493,Anaya,25.0,MALE,BCom,FY,98.0,39.0,50.0,15.0,12,1,PASS,Pune
S494,Rohan,20.0,FEMALE,BCom,FY,100.0,30.0,50.0,15.0,12,15,PASS,Nashik
S495,Saanvi,19.0,MALE,BCom,TY,100.0,30.0,45.0,20.0,12,1,PASS,Mumbai
S496,Isha,18.0,FEMALE,BSc,FY,100.0,30.0,46.0,20.0,0,15,FAIL,Mumbai
S497,Pooja,19.0,FEMALE,BCA,SY,98.0,30.0,45.0,15.0,12,6,PASS,Nashik
S498,Karan,25.0,MALE,BBA,SY,94.0,34.0,39.0,10.0,12,2,FAIL,Pune
S499,Aditya,15.0,MALE,BBA,TY,98.0,35.0,39.0,15.0,0,15,PASS,Pune
S500,Isha,15.0,FEMALE,BSc,FY,98.0,39.0,45.0,15.0,0,7,FAIL,Pune
S501,Isha,15.0,FEMALE,BBA,TY,53.0,39.0,45.0,15.0,12,8,PASS,Pune
S502,Rohan,15.0,FEMALE,BA,SY,100.0,30.0,31.0,11.0,12,5,PASS,Pune
S503,Aditya,25.0,MALE,BCom,TY,93.0,30.0,48.0,15.0,12,15,PASS,Mumbai
S504,Vihaan,23.0,FEMALE,BBA,SY,98.0,23.0,44.0,15.0,10,4,FAIL,Pune
S505,Anaya,25.0,FEMALE,BSc,TY,87.0,23.0,45.0,15.0,12,15,PASS,Pune
S506,Vihaan,25.0,MALE,BCom,SY,90.0,30.0,48.0,15.0,0,15,PASS,Nashik
S507,Karan,25.0,MALE,BSc,SY,98.0,30.0,56.0,15.0,0,8,FAIL,Nashik
S508,Saanvi,25.0,MALE,BSc,FY,100.0,30.0,45.0,18.0,12,15,FAIL,Mumbai
S509,Anaya,15.0,FEMALE,BCA,SY,98.0,30.0,45.0,15.0,0,1,FAIL,Nashik
S510,Neha,25.0,FEMALE,BA,SY,98.0,30.0,49.0,15.0,12,15,FAIL,Pune
S511,Pooja,25.0,MALE,BSc,SY,100.0,20.0,45.0,15.0,12,15,PASS,Nashik
S512,Karan,25.0,FEMALE,BCA,FY,98.0,25.0,45.0,15.0,12,15,FAIL,Nashik
S513,Saanvi,19.0,FEMALE,BA,SY,98.0,27.0,45.0,17.0,12,15,PASS,Pune
S514,Isha,15.0,MALE,BSc,SY,95.0,30.0,59.0,15.0,0,6,FAIL,Nashik
S515,Saanvi,15.0,MALE,BBA,SY,100.0,30.0,45.0,18.0,2,1,PASS,Nashik
S516,Vihaan,25.0,MALE,BSc,FY,100.0,34.0,38.0,15.0,2,8,FAIL,Pune
S517,Vihaan,15.0,FEMALE,BSc,TY,98.0,30.0,45.0,11.0,0,7,FAIL,Nashik
S518,Pooja,15.0,MALE,BCom,FY,98.0,26.0,45.0,15.0,12,15,PASS,Nashik
S519,Aditya,25.0,MALE,BA,SY,98.0,29.0,45.0,19.0,0,15,PASS,Mumbai
S520,Isha,25.0,FEMALE,BBA,TY,98.0,26.0,45.0,15.0,0,7,PASS,Nashik
S521,Rohan,15.0,FEMALE,BBA,FY,66.0,32.0,34.0,14.0,12,6,FAIL,Pune
S522,Anaya,23.0,FEMALE,BBA,FY,98.0,35.0,56.0,20.0,5,7,PASS,Pune
S523,Pooja,21.0,FEMALE,BBA,FY,98.0,30.0,60.0,15.0,12,15,PASS,Pune
S524,Neha,25.0,FEMALE,BBA,FY,97.0,30.0,45.0,16.0,12,15,PASS,Mumbai
S525,Pooja,25.0,MALE,BCom,FY,100.0,30.0,37.0,16.0,1,15,FAIL,Nashik
S526,Aditya,22.0,MALE,BSc,SY,100.0,30.0,59.0,15.0,12,8,PASS,Pune
S527,Aditya,15.0,FEMALE,BA,FY,98.0,30.0,59.0,15.0,12,15,PASS,Nashik
S528,Aditya,15.0,FEMALE,BBA,FY,100.0,24.0,45.0,19.0,0,15,FAIL,Mumbai
S529,Vihaan,25.0,FEMALE,BCA,TY,90.0,30.0,40.0,16.0,12,15,PASS,Pune
S530,Aditya,15.0,FEMALE,BCom,SY,98.0,30.0,53.0,16.0,12,1,FAIL,Mumbai
S531,Isha,25.0,FEMALE,BA,FY,100.0,30.0,31.0,14.0,0,1,FAIL,Nashik
S532,Anaya,25.0,FEMALE,BCA,FY,98.0,30.0,49.0,15.0,12,15,FAIL,Mumbai
S533,Rohan,25.0,MALE,BSc,FY,57.0,30.0,45.0,20.0,12,15,FAIL,Pune
S534,Vihaan,25.0,MALE,BBA,SY,75.0,20.0,44.0,18.0,12,15,FAIL,Nashik
S535,Karan,22.0,MALE,BCom,SY,98.0,20.0,50.0,15.0,3,5,PASS,Nashik
S536,Vihaan,18.0,MALE,BCA,FY,67.0,21.0,45.0,15.0,12,15,FAIL,Nashik
S537,Vihaan,17.0,FEMALE,BSc,FY,67.0,30.0,45.0,15.0,12,15,FAIL,Pune
S538,Saanvi,15.0,FEMALE,BCom,FY,98.0,21.0,50.0,10.0,12,15,PASS,Pune
S539,Neha,25.0,FEMALE,BSc,FY,93.0,36.0,45.0,20.0,12,8,PASS,Nashik
S540,Isha,15.0,MALE,BCA,SY,100.0,30.0,45.0,12.0,0,15,PASS,Pune
S541,Karan,25.0,MALE,BSc,FY,100.0,30.0,56.0,15.0,12,15,PASS,Nashik
S542,Vihaan,25.0,FEMALE,BBA,FY,98.0,29.0,45.0,15.0,12,15,PASS,Pune
S543,Saanvi,25.0,FEMALE,BCA,SY,100.0,37.0,42.0,15.0,10,4,PASS,Pune
S544,Saanvi,15.0,FEMALE,BCA,FY,92.0,36.0,45.0,10.0,0,15,FAIL,Nashik
S545,Aarav,15.0,MALE,BSc,TY,67.0,30.0,45.0,15.0,0,15,FAIL,Pune
S546,Pooja,19.0,MALE,BCA,SY,52.0,39.0,45.0,15.0,12,15,PASS,Nashik
S547,Vihaan,15.0,FEMALE,BCA,FY,63.0,30.0,47.0,15.0,0,15,PASS,Nashik
S548,Isha,25.0,MALE,BA,SY,100.0,27.0,45.0,15.0,12,15,FAIL,Nashik
S549,Vihaan,25.0,MALE,BCA,SY,59.0,30.0,45.0,10.0,12,15,FAIL,Nashik
S550,Rohan,15.0,MALE,BBA,SY,100.0,25.0,45.0,15.0,12,6,FAIL,Nashik
S551,Karan,15.0,FEMALE,BBA,SY,57.0,26.0,45.0,15.0,12,15,FAIL,Nashik
S552,Saanvi,25.0,FEMALE,BA,TY,53.0,30.0,45.0,19.0,0,15,PASS,Pune
S553,Neha,15.0,MALE,BCom,FY,100.0,30.0,38.0,14.0,12,15,FAIL,Pune
S554,Aarav,25.0,FEMALE,BCom,FY,78.0,26.0,53.0,10.0,0,15,PASS,Pune
S555,Saanvi,21.0,FEMALE,BSc,TY,100.0,30.0,57.0,16.0,12,6,PASS,Nashik
S556,Vihaan,25.0,FEMALE,BBA,TY,100.0,25.0,60.0,15.0,12,7,FAIL,Mumbai
S557,Pooja,25.0,FEMALE,BSc,TY,98.0,30.0,45.0,15.0,12,4,FAIL,Nashik
S558,Anaya,25.0,MALE,BSc,TY,84.0,30.0,54.0,15.0,0,15,FAIL,Nashik
S559,Aditya,24.0,FEMALE,BCom,FY,100.0,30.0,57.0,17.0,12,7,FAIL,Pune
S560,Vihaan,15.0,FEMALE,BBA,SY,100.0,30.0,47.0,12.0,12,4,FAIL,Nashik
S561,Aarav,25.0,MALE,BSc,TY,98.0,30.0,37.0,15.0,12,15,PASS,Nashik
S562,Isha,25.0,FEMALE,BA,FY,99.0,37.0,45.0,19.0,0,15,FAIL,Mumbai
S563,Vihaan,25.0,FEMALE,BSc,TY,98.0,30.0,41.0,20.0,0,4,PASS,Pune
S564,Pooja,25.0,MALE,BBA,SY,98.0,39.0,45.0,15.0,12,15,FAIL,Mumbai
S565,Pooja,15.0,MALE,BCA,SY,100.0,28.0,45.0,20.0,12,2,FAIL,Pune
S566,Pooja,15.0,FEMALE,BA,SY,100.0,30.0,45.0,15.0,12,15,FAIL,Pune
S567,Pooja,24.0,FEMALE,BCA,FY,98.0,30.0,45.0,15.0,12,15,FAIL,Mumbai
S568,Aarav,25.0,FEMALE,BSc,SY,70.0,22.0,45.0,15.0,12,3,PASS,Nashik
S569,Karan,25.0,MALE,BCA,FY,98.0,30.0,36.0,16.0,5,15,FAIL,Pune
S570,Anaya,25.0,FEMALE,BCom,TY,57.0,22.0,50.0,16.0,12,15,FAIL,Pune
S571,Aarav,15.0,FEMALE,BCom,TY,100.0,30.0,51.0,20.0,12,6,FAIL,Nashik
S572,Pooja,17.0,MALE,BCom,TY,98.0,30.0,42.0,14.0,0,15,FAIL,Pune
S573,Rohan,25.0,FEMALE,BCA,TY,100.0,30.0,41.0,12.0,0,15,PASS,Mumbai
S574,Aarav,15.0,MALE,BCA,FY,98.0,24.0,50.0,13.0,12,15,FAIL,Nashik
S575,Isha,25.0,MALE,BCom,TY,100.0,30.0,45.0,11.0,0,15,FAIL,Mumbai
S576,Anaya,25.0,FEMALE,BCA,FY,80.0,24.0,34.0,14.0,12,15,FAIL,Nashik
S577,Aditya,15.0,MALE,BCA,SY,100.0,30.0,45.0,15.0,12,15,FAIL,Pune
S578,Vihaan,25.0,FEMALE,BCA,SY,100.0,25.0,33.0,11.0,12,3,FAIL,Nashik
S579,Rohan,15.0,FEMALE,BSc,TY,65.0,38.0,42.0,15.0,12,8,PASS,Nashik
S580,Aarav,25.0,MALE,BCA,FY,52.0,24.0,45.0,15.0,12,15,FAIL,Pune
S581,Rohan,25.0,MALE,BSc,SY,98.0,30.0,36.0,15.0,12,3,PASS,Pune
S582,Isha,19.0,MALE,BSc,SY,100.0,30.0,53.0,15.0,12,15,PASS,Pune
S583,Karan,15.0,MALE,BBA,SY,98.0,30.0,39.0,20.0,0,15,FAIL,Nashik
S584,Isha,15.0,FEMALE,BBA,TY,98.0,30.0,60.0,15.0,12,7,PASS,Pune
S585,Aditya,25.0,FEMALE,BCom,SY,100.0,23.0,52.0,15.0,12,15,PASS,Pune
S586,Anaya,19.0,FEMALE,BBA,FY,93.0,30.0,43.0,20.0,0,8,PASS,Nashik
S587,Pooja,15.0,FEMALE,BBA,SY,77.0,30.0,37.0,15.0,12,8,PASS,Nashik
S588,Saanvi,15.0,MALE,BCA,SY,91.0,36.0,46.0,16.0,12,15,PASS,Pune
S589,Aditya,25.0,MALE,BA,TY,100.0,30.0,32.0,16.0,12,15,PASS,Pune
S590,Saanvi,25.0,FEMALE,BCom,SY,66.0,25.0,38.0,15.0,12,6,FAIL,Mumbai
S591,Aditya,25.0,MALE,BBA,SY,100.0,30.0,49.0,14.0,0,15,FAIL,Pune
S592,Aarav,15.0,FEMALE,BCA,FY,100.0,33.0,45.0,15.0,12,5,PASS,Mumbai
S593,Isha,25.0,MALE,BCom,SY,90.0,34.0,40.0,10.0,12,4,FAIL,Nashik
S594,Aditya,15.0,FEMALE,BCA,SY,100.0,38.0,60.0,20.0,10,5,PASS,Pune
S595,Karan,25.0,MALE,BCom,FY,57.0,21.0,45.0,15.0,0,15,FAIL,Pune
S596,Pooja,25.0,MALE,BCA,TY,100.0,25.0,45.0,15.0,12,15,PASS,Pune
S597,Isha,23.0,FEMALE,BCA,FY,98.0,28.0,44.0,15.0,0,4,PASS,Pune
S598,Aarav,25.0,FEMALE,BSc,TY,100.0,38.0,45.0,15.0,0,15,PASS,Pune
S599,Aditya,15.0,MALE,BCA,FY,98.0,30.0,45.0,15.0,0,3,PASS,Pune
S600,Neha,21.0,FEMALE,BBA,TY,100.0,30.0,54.0,15.0,12,15,FAIL,Nashik
S601,Pooja,25.0,FEMALE,BA,SY,100.0,37.0,45.0,17.0,12,15,FAIL,Nashik
S602,Saanvi,23.0,FEMALE,BSc,FY,98.0,26.0,51.0,15.0,0,3,PASS,Nashik
S603,Saanvi,24.0,MALE,BCA,FY,98.0,21.0,45.0,10.0,12,15,FAIL,Pune
S604,Aarav,25.0,FEMALE,BSc,SY,100.0,28.0,48.0,15.0,12,2,PASS,Nashik
S605,Saanvi,15.0,MALE,BCom,SY,98.0,30.0,44.0,13.0,0,15,FAIL,Pune
S606,Aditya,20.0,FEMALE,BA,TY,100.0,38.0,40.0,17.0,8,15,PASS,Nashik
S607,Pooja,15.0,FEMALE,BSc,FY,100.0,30.0,45.0,15.0,12,15,PASS,Pune
S608,Karan,25.0,FEMALE,BBA,FY,100.0,35.0,38.0,11.0,12,15,PASS,Nashik
S609,Aditya,25.0,FEMALE,BCom,SY,100.0,29.0,47.0,15.0,0,15,PASS,Mumbai
S610,Anaya,25.0,FEMALE,BA,FY,82.0,39.0,45.0,15.0,12,1,FAIL,Nashik
S611,Pooja,20.0,MALE,BCA,TY,98.0,21.0,60.0,15.0,12,4,FAIL,Nashik
S612,Aditya,25.0,FEMALE,BA,TY,55.0,29.0,45.0,20.0,12,3,PASS,Pune
S613,Saanvi,15.0,MALE,BCom,FY,100.0,33.0,33.0,15.0,0,15,FAIL,Mumbai
S614,Saanvi,23.0,FEMALE,BCA,SY,100.0,40.0,49.0,15.0,0,2,FAIL,Nashik
S615,Aarav,21.0,MALE,BSc,SY,98.0,30.0,45.0,15.0,8,15,PASS,Mumbai
S616,Pooja,25.0,MALE,BBA,FY,61.0,30.0,45.0,20.0,0,5,FAIL,Nashik
S617,Karan,25.0,FEMALE,BBA,FY,98.0,31.0,45.0,15.0,0,5,PASS,Mumbai
S618,Rohan,25.0,FEMALE,BCA,FY,100.0,36.0,35.0,15.0,0,15,FAIL,Pune
S619,Neha,15.0,MALE,BCA,SY,100.0,30.0,51.0,15.0,12,15,PASS,Mumbai
S620,Aditya,25.0,FEMALE,BCom,SY,53.0,31.0,45.0,15.0,12,2,PASS,Pune
S621,Anaya,25.0,FEMALE,BBA,SY,50.0,20.0,45.0,15.0,12,7,PASS,Pune
S622,Isha,24.0,FEMALE,BCom,SY,85.0,21.0,36.0,15.0,12,15,FAIL,Pune
S623,Saanvi,25.0,MALE,BA,FY,100.0,34.0,45.0,15.0,12,15,FAIL,Nashik
S624,Aarav,25.0,MALE,BA,TY,98.0,30.0,54.0,15.0,12,3,FAIL,Nashik
S625,Isha,25.0,FEMALE,BCom,SY,98.0,30.0,45.0,15.0,12,15,FAIL,Mumbai
S626,Aditya,25.0,FEMALE,BA,FY,53.0,34.0,45.0,15.0,12,6,PASS,Pune
S627,Pooja,15.0,FEMALE,BCA,FY,100.0,34.0,40.0,13.0,0,4,PASS,Mumbai
S628,Aditya,19.0,FEMALE,BCom,FY,98.0,27.0,45.0,15.0,0,3,FAIL,Pune
S629,Isha,25.0,FEMALE,BA,SY,100.0,30.0,45.0,15.0,0,8,FAIL,Pune
S630,Karan,25.0,FEMALE,BCA,SY,98.0,26.0,34.0,11.0,12,15,PASS,Pune
S631,Isha,15.0,MALE,BA,FY,98.0,39.0,45.0,15.0,12,15,PASS,Mumbai
S632,Neha,17.0,FEMALE,BBA,TY,67.0,30.0,33.0,15.0,12,15,FAIL,Pune
S633,Vihaan,25.0,FEMALE,BBA,FY,100.0,30.0,37.0,13.0,12,1,PASS,Pune
S634,Aditya,25.0,MALE,BA,FY,98.0,34.0,37.0,15.0,12,15,PASS,Nashik
S635,Karan,15.0,FEMALE,BCom,FY,100.0,30.0,45.0,15.0,12,15,PASS,Mumbai
S636,Aditya,25.0,FEMALE,BCA,FY,90.0,25.0,36.0,15.0,2,4,PASS,Nashik
S637,Karan,25.0,MALE,BCom,SY,72.0,31.0,45.0,15.0,12,2,FAIL,Nashik
S638,Saanvi,25.0,FEMALE,BA,FY,98.0,30.0,38.0,15.0,12,1,PASS,Nashik
S639,Saanvi,15.0,MALE,BCA,FY,66.0,39.0,53.0,15.0,12,6,PASS,Mumbai
S640,Rohan,25.0,MALE,BA,SY,100.0,30.0,45.0,14.0,4,2,PASS,Nashik
S641,Vihaan,25.0,FEMALE,BBA,FY,100.0,30.0,45.0,15.0,12,15,FAIL,Nashik
S642,Aditya,25.0,FEMALE,BSc,FY,100.0,23.0,45.0,16.0,0,3,PASS,Pune
S643,Saanvi,15.0,FEMALE,BSc,FY,100.0,30.0,45.0,12.0,12,15,FAIL,Pune
S644,Aarav,25.0,FEMALE,BSc,FY,85.0,30.0,46.0,15.0,12,15,PASS,Pune
S645,Isha,15.0,FEMALE,BA,SY,100.0,30.0,59.0,13.0,12,15,PASS,Nashik
S646,Pooja,25.0,MALE,BCom,FY,100.0,30.0,30.0,15.0,0,15,FAIL,Nashik
S647,Isha,20.0,MALE,BCA,TY,82.0,30.0,45.0,15.0,12,5,PASS,Pune
S648,Aditya,25.0,FEMALE,BSc,FY,100.0,23.0,45.0,15.0,0,15,FAIL,Pune
S649,Saanvi,25.0,FEMALE,BCom,SY,98.0,31.0,51.0,15.0,0,2,PASS,Nashik
S650,Vihaan,15.0,MALE,BSc,SY,81.0,36.0,51.0,15.0,0,15,FAIL,Pune
S651,Aditya,25.0,FEMALE,BSc,TY,98.0,39.0,45.0,15.0,12,2,PASS,Nashik
S652,Pooja,15.0,MALE,BCA,SY,98.0,30.0,60.0,15.0,12,15,FAIL,Nashik
S653,Aditya,25.0,MALE,BCA,SY,62.0,36.0,45.0,17.0,12,15,PASS,Nashik
S654,Rohan,25.0,MALE,BCA,FY,100.0,23.0,31.0,15.0,12,15,FAIL,Pune
S655,Aarav,25.0,MALE,BA,FY,78.0,30.0,45.0,13.0,12,15,PASS,Nashik
S656,Anaya,25.0,MALE,BCom,FY,87.0,34.0,55.0,15.0,0,8,PASS,Pune
S657,Aarav,20.0,FEMALE,BA,FY,100.0,21.0,45.0,15.0,12,15,PASS,Pune
S658,Vihaan,25.0,FEMALE,BA,FY,100.0,30.0,45.0,15.0,12,15,PASS,Mumbai
S659,Saanvi,25.0,MALE,BCom,FY,50.0,39.0,45.0,12.0,4,8,FAIL,Nashik
S660,Aarav,19.0,MALE,BA,SY,100.0,38.0,45.0,15.0,12,15,PASS,Pune
S661,Rohan,25.0,MALE,BA,SY,89.0,36.0,45.0,15.0,12,15,FAIL,Pune
S662,Aarav,25.0,MALE,BCom,SY,62.0,40.0,45.0,15.0,12,15,PASS,Nashik
S663,Aarav,25.0,FEMALE,BBA,SY,61.0,30.0,50.0,20.0,0,7,PASS,Nashik
S664,Aditya,25.0,FEMALE,BCom,SY,98.0,30.0,32.0,11.0,12,2,FAIL,Nashik
S665,Rohan,15.0,FEMALE,BA,SY,55.0,22.0,45.0,15.0,12,15,PASS,Mumbai
S666,Pooja,15.0,MALE,BA,SY,98.0,30.0,45.0,11.0,12,15,FAIL,Pune
S667,Karan,15.0,MALE,BA,SY,100.0,30.0,45.0,15.0,12,15,FAIL,Nashik
S668,Saanvi,15.0,FEMALE,BBA,SY,100.0,30.0,30.0,15.0,12,15,PASS,Pune
S669,Rohan,25.0,MALE,BA,FY,98.0,30.0,49.0,13.0,12,2,FAIL,Nashik
S670,Rohan,15.0,MALE,BCA,FY,100.0,25.0,45.0,12.0,0,15,PASS,Pune
S671,Isha,25.0,FEMALE,BSc,FY,98.0,30.0,48.0,16.0,0,2,FAIL,Nashik
S672,Saanvi,20.0,MALE,BA,SY,98.0,30.0,45.0,11.0,0,8,FAIL,Pune
S673,Aditya,25.0,FEMALE,BBA,SY,100.0,21.0,45.0,16.0,12,15,FAIL,Nashik
S674,Pooja,22.0,FEMALE,BCom,FY,100.0,25.0,36.0,15.0,0,15,PASS,Pune
S675,Isha,15.0,FEMALE,BCom,FY,98.0,30.0,55.0,15.0,12,1,FAIL,Mumbai
S676,Saanvi,19.0,FEMALE,BBA,SY,98.0,26.0,50.0,17.0,3,2,PASS,Nashik
S677,Pooja,24.0,FEMALE,BSc,TY,100.0,39.0,46.0,15.0,12,15,PASS,Pune
S678,Karan,20.0,FEMALE,BCA,SY,78.0,26.0,31.0,16.0,0,15,FAIL,Nashik
S679,Karan,15.0,FEMALE,BSc,SY,100.0,39.0,49.0,11.0,7,15,FAIL,Mumbai
S680,Vihaan,23.0,MALE,BCA,SY,98.0,36.0,45.0,19.0,12,7,PASS,Nashik
S681,Karan,25.0,FEMALE,BCA,FY,51.0,28.0,45.0,12.0,12,15,FAIL,Nashik
S682,Pooja,22.0,FEMALE,BBA,TY,98.0,30.0,45.0,14.0,12,15,PASS,Nashik
S683,Rohan,25.0,MALE,BSc,FY,100.0,30.0,45.0,15.0,0,5,FAIL,Nashik
S684,Rohan,25.0,FEMALE,BCom,FY,62.0,34.0,58.0,10.0,12,8,FAIL,Pune
S685,Aditya,25.0,MALE,BBA,FY,63.0,20.0,55.0,20.0,12,15,PASS,Pune
S686,Neha,17.0,MALE,BA,FY,100.0,35.0,45.0,10.0,12,6,FAIL,Nashik
S687,Rohan,15.0,FEMALE,BSc,FY,98.0,30.0,45.0,15.0,8,6,FAIL,Nashik
S688,Pooja,15.0,MALE,BCA,SY,56.0,21.0,34.0,19.0,11,15,PASS,Pune
S689,Rohan,15.0,FEMALE,BA,SY,100.0,39.0,53.0,15.0,12,15,PASS,Nashik
S690,Pooja,15.0,MALE,BCom,FY,100.0,30.0,45.0,19.0,0,15,FAIL,Nashik
S691,Rohan,21.0,FEMALE,BCA,TY,64.0,21.0,45.0,20.0,0,2,FAIL,Pune
S692,Vihaan,15.0,FEMALE,BCA,FY,88.0,31.0,30.0,20.0,0,2,PASS,Nashik
S693,Isha,24.0,FEMALE,BCom,SY,65.0,23.0,45.0,15.0,0,4,PASS,Pune
S694,Vihaan,17.0,FEMALE,BCom,SY,76.0,31.0,48.0,14.0,12,4,FAIL,Nashik
S695,Karan,25.0,FEMALE,BSc,SY,98.0,30.0,45.0,16.0,5,15,FAIL,Mumbai
S696,Vihaan,25.0,MALE,BSc,SY,98.0,30.0,45.0,19.0,0,15,PASS,Nashik
S697,Anaya,15.0,MALE,BSc,SY,100.0,24.0,47.0,15.0,12,7,FAIL,Pune
S698,Pooja,25.0,FEMALE,BBA,FY,100.0,30.0,51.0,20.0,4,5,PASS,Nashik
S699,Saanvi,25.0,MALE,BBA,TY,98.0,30.0,58.0,15.0,12,8,PASS,Nashik
S700,Aarav,24.0,MALE,BSc,FY,98.0,30.0,45.0,15.0,1,15,FAIL,Nashik
S701,Pooja,15.0,FEMALE,BCom,TY,100.0,21.0,60.0,15.0,12,1,FAIL,Nashik
S702,Anaya,15.0,FEMALE,BBA,SY,63.0,30.0,45.0,17.0,0,15,FAIL,Mumbai
S703,Vihaan,25.0,MALE,BBA,SY,100.0,30.0,45.0,15.0,12,15,FAIL,Mumbai
S704,Aarav,25.0,MALE,BSc,TY,98.0,30.0,40.0,15.0,0,2,FAIL,Nashik
S705,Isha,25.0,FEMALE,BA,TY,98.0,24.0,45.0,10.0,12,15,PASS,Pune
S706,Karan,25.0,MALE,BBA,TY,87.0,30.0,45.0,15.0,0,3,PASS,Mumbai
S707,Rohan,17.0,FEMALE,BA,SY,100.0,31.0,51.0,12.0,0,15,PASS,Pune
S708,Rohan,25.0,FEMALE,BBA,FY,98.0,32.0,60.0,15.0,12,15,FAIL,Pune
S709,Isha,15.0,FEMALE,BA,SY,98.0,30.0,45.0,17.0,12,15,FAIL,Pune
S710,Rohan,25.0,MALE,BCom,SY,100.0,30.0,49.0,10.0,0,15,FAIL,Mumbai
S711,Vihaan,20.0,MALE,BBA,FY,100.0,30.0,59.0,13.0,12,7,PASS,Nashik
S712,Karan,25.0,FEMALE,BBA,SY,98.0,30.0,33.0,15.0,12,15,PASS,Pune
S713,Anaya,25.0,MALE,BCom,FY,67.0,24.0,45.0,19.0,0,5,FAIL,Pune
S714,Vihaan,22.0,FEMALE,BCom,FY,98.0,35.0,53.0,16.0,0,7,PASS,Pune
S715,Pooja,25.0,FEMALE,BBA,SY,98.0,36.0,45.0,15.0,12,15,FAIL,Pune
S716,Saanvi,15.0,MALE,BCA,SY,98.0,30.0,34.0,15.0,12,15,FAIL,Mumbai
S717,Neha,20.0,MALE,BSc,FY,58.0,25.0,43.0,11.0,0,4,FAIL,Pune
S718,Pooja,24.0,FEMALE,BBA,TY,98.0,30.0,31.0,15.0,0,7,PASS,Nashik
S719,Anaya,25.0,MALE,BCom,TY,98.0,34.0,45.0,15.0,12,1,FAIL,Mumbai
S720,Neha,25.0,FEMALE,BBA,TY,98.0,37.0,45.0,15.0,12,15,FAIL,Pune
S721,Saanvi,15.0,MALE,BA,FY,98.0,40.0,41.0,15.0,0,15,FAIL,Nashik
S722,Aditya,22.0,MALE,BA,SY,100.0,30.0,44.0,15.0,12,15,FAIL,Pune
S723,Karan,25.0,MALE,BSc,SY,100.0,33.0,45.0,15.0,12,7,FAIL,Mumbai
S724,Vihaan,25.0,MALE,BA,FY,98.0,30.0,45.0,15.0,0,6,PASS,Nashik
S725,Aditya,25.0,FEMALE,BSc,FY,100.0,33.0,54.0,19.0,0,15,FAIL,Mumbai
S726,Saanvi,25.0,FEMALE,BSc,FY,98.0,21.0,45.0,15.0,0,1,PASS,Mumbai
S727,Isha,21.0,MALE,BCA,FY,98.0,40.0,45.0,11.0,0,15,FAIL,Pune
S728,Anaya,25.0,MALE,BBA,TY,98.0,39.0,47.0,14.0,12,3,PASS,Pune
S729,Rohan,17.0,FEMALE,BSc,SY,98.0,20.0,45.0,13.0,12,5,PASS,Pune
S730,Neha,25.0,FEMALE,BCA,SY,98.0,30.0,45.0,19.0,12,15,FAIL,Mumbai
S731,Isha,15.0,FEMALE,BA,TY,83.0,26.0,46.0,19.0,7,15,FAIL,Pune
S732,Karan,25.0,FEMALE,BBA,SY,68.0,28.0,34.0,15.0,12,2,FAIL,Mumbai
S733,Rohan,25.0,MALE,BBA,SY,100.0,30.0,40.0,20.0,0,3,FAIL,Pune
S734,Saanvi,25.0,FEMALE,BCA,TY,100.0,30.0,45.0,16.0,0,4,FAIL,Nashik
S735,Aarav,25.0,MALE,BBA,FY,98.0,34.0,40.0,13.0,12,1,PASS,Pune
S736,Pooja,15.0,FEMALE,BA,SY,61.0,34.0,45.0,13.0,12,6,PASS,Mumbai
S737,Isha,21.0,MALE,BSc,SY,98.0,30.0,45.0,15.0,0,4,FAIL,Nashik
S738,Aarav,15.0,FEMALE,BA,FY,57.0,30.0,45.0,15.0,12,4,FAIL,Pune
S739,Neha,15.0,MALE,BA,FY,98.0,30.0,60.0,15.0,12,5,FAIL,Pune
S740,Aarav,25.0,MALE,BSc,SY,54.0,26.0,45.0,15.0,12,1,FAIL,Mumbai
S741,Karan,15.0,MALE,BCA,SY,98.0,37.0,45.0,15.0,0,15,PASS,Mumbai
S742,Aarav,25.0,FEMALE,BBA,TY,100.0,30.0,32.0,15.0,0,4,FAIL,Nashik
S743,Karan,15.0,FEMALE,BCom,SY,98.0,29.0,45.0,14.0,0,15,PASS,Pune
S744,Pooja,25.0,FEMALE,BCA,SY,100.0,31.0,45.0,15.0,0,8,PASS,Nashik
S745,Aarav,25.0,FEMALE,BCom,TY,65.0,26.0,30.0,17.0,12,15,FAIL,Nashik
S746,Aarav,25.0,MALE,BSc,FY,100.0,30.0,41.0,15.0,11,15,PASS,Nashik
S747,Karan,25.0,FEMALE,BA,TY,50.0,30.0,52.0,19.0,0,2,PASS,Nashik
S748,Pooja,19.0,MALE,BCA,FY,98.0,35.0,30.0,17.0,12,8,FAIL,Pune
S749,Pooja,25.0,MALE,BSc,TY,100.0,32.0,60.0,19.0,12,5,FAIL,Pune
S750,Vihaan,25.0,MALE,BCA,TY,98.0,30.0,45.0,15.0,0,15,PASS,Nashik
S751,Karan,15.0,FEMALE,BSc,SY,77.0,30.0,45.0,12.0,12,15,PASS,Pune
S752,Rohan,15.0,MALE,BSc,FY,98.0,30.0,39.0,15.0,12,4,PASS,Nashik
S753,Anaya,24.0,MALE,BSc,FY,100.0,28.0,50.0,10.0,0,2,FAIL,Nashik
S754,Rohan,21.0,FEMALE,BBA,SY,100.0,30.0,45.0,15.0,12,8,FAIL,Nashik
S755,Aditya,25.0,FEMALE,BBA,TY,100.0,36.0,45.0,20.0,12,15,PASS,Nashik
S756,Isha,20.0,MALE,BCA,SY,98.0,24.0,45.0,15.0,12,15,PASS,Nashik
S757,Rohan,20.0,MALE,BCA,SY,80.0,30.0,36.0,15.0,0,8,PASS,Pune
S758,Aarav,25.0,FEMALE,BCom,SY,98.0,28.0,45.0,15.0,8,2,PASS,Mumbai
S759,Isha,25.0,MALE,BA,FY,100.0,23.0,32.0,16.0,0,5,PASS,Mumbai
S760,Isha,25.0,MALE,BSc,FY,98.0,38.0,45.0,10.0,0,8,FAIL,Mumbai
S761,Saanvi,24.0,MALE,BSc,FY,100.0,30.0,32.0,15.0,11,3,PASS,Nashik
S762,Aarav,15.0,FEMALE,BCom,SY,98.0,30.0,45.0,15.0,12,4,FAIL,Pune
S763,Aarav,25.0,MALE,BA,SY,98.0,30.0,45.0,11.0,12,15,FAIL,Pune
S764,Karan,20.0,MALE,BCom,FY,100.0,21.0,49.0,15.0,0,15,FAIL,Pune
S765,Isha,25.0,FEMALE,BCA,TY,72.0,30.0,45.0,15.0,0,15,FAIL,Pune
S766,Karan,17.0,MALE,BBA,FY,63.0,30.0,33.0,15.0,12,2,PASS,Nashik
S767,Aditya,15.0,FEMALE,BA,SY,100.0,35.0,38.0,15.0,0,15,PASS,Nashik
S768,Saanvi,25.0,FEMALE,BBA,TY,98.0,30.0,45.0,15.0,0,15,PASS,Nashik
S769,Karan,25.0,MALE,BCA,FY,100.0,33.0,45.0,12.0,12,15,FAIL,Mumbai
S770,Pooja,15.0,FEMALE,BCA,FY,98.0,30.0,45.0,16.0,12,15,FAIL,Pune
S771,Aditya,24.0,FEMALE,BCA,SY,98.0,38.0,57.0,15.0,0,8,FAIL,Nashik
S772,Isha,15.0,FEMALE,BA,FY,98.0,20.0,58.0,15.0,12,4,FAIL,Nashik
S773,Anaya,15.0,FEMALE,BCA,FY,56.0,30.0,45.0,15.0,12,8,PASS,Pune
S774,Vihaan,25.0,FEMALE,BA,SY,100.0,22.0,56.0,14.0,12,5,FAIL,Mumbai
S775,Aditya,20.0,MALE,BCom,TY,77.0,30.0,45.0,11.0,12,15,FAIL,Pune
S776,Vihaan,15.0,FEMALE,BBA,SY,98.0,30.0,51.0,20.0,9,8,FAIL,Pune
S777,Karan,15.0,FEMALE,BCA,SY,100.0,20.0,39.0,15.0,5,2,PASS,Pune
S778,Aarav,15.0,FEMALE,BCA,FY,66.0,39.0,59.0,12.0,7,15,FAIL,Pune
S779,Vihaan,15.0,FEMALE,BSc,FY,100.0,30.0,45.0,16.0,0,15,FAIL,Pune
S780,Aarav,25.0,MALE,BCA,FY,98.0,27.0,45.0,19.0,0,1,PASS,Mumbai
S781,Isha,25.0,FEMALE,BBA,FY,84.0,30.0,45.0,15.0,12,15,PASS,Nashik
S782,Pooja,25.0,MALE,BSc,TY,100.0,30.0,58.0,15.0,12,5,FAIL,Nashik
S783,Isha,25.0,FEMALE,BCom,SY,74.0,24.0,39.0,15.0,12,15,FAIL,Pune
S784,Vihaan,25.0,FEMALE,BCA,TY,98.0,30.0,45.0,15.0,12,4,FAIL,Nashik
S785,Neha,15.0,FEMALE,BSc,SY,78.0,30.0,59.0,15.0,12,15,FAIL,Pune
S786,Isha,24.0,MALE,BSc,SY,100.0,30.0,45.0,15.0,12,15,PASS,Mumbai
S787,Neha,25.0,FEMALE,BBA,SY,100.0,27.0,45.0,11.0,12,8,PASS,Mumbai
S788,Rohan,18.0,MALE,BBA,FY,74.0,30.0,33.0,15.0,0,15,PASS,Mumbai
S789,Isha,25.0,FEMALE,BCA,FY,98.0,24.0,45.0,16.0,12,15,FAIL,Pune
S790,Saanvi,25.0,FEMALE,BA,TY,100.0,30.0,34.0,15.0,0,5,PASS,Nashik
S791,Pooja,25.0,FEMALE,BCA,TY,54.0,22.0,40.0,15.0,12,15,FAIL,Nashik
S792,Vihaan,24.0,MALE,BSc,TY,100.0,30.0,45.0,16.0,12,15,PASS,Nashik
S793,Isha,25.0,FEMALE,BCom,TY,99.0,26.0,60.0,15.0,3,6,FAIL,Nashik
S794,Anaya,15.0,MALE,BCA,FY,98.0,29.0,47.0,20.0,0,15,FAIL,Nashik
S795,Vihaan,25.0,MALE,BCA,FY,98.0,30.0,40.0,18.0,12,3,FAIL,Pune
S796,Karan,15.0,FEMALE,BSc,SY,100.0,30.0,45.0,20.0,0,15,PASS,Mumbai
S797,Anaya,15.0,FEMALE,BBA,SY,74.0,30.0,45.0,15.0,0,15,PASS,Mumbai
S798,Rohan,15.0,MALE,BCA,SY,100.0,30.0,45.0,16.0,12,6,FAIL,Mumbai
S799,Pooja,15.0,FEMALE,BCA,FY,100.0,30.0,45.0,15.0,12,15,PASS,Nashik
S800,Pooja,25.0,FEMALE,BCA,FY,98.0,30.0,45.0,19.0,12,15,PASS,Nashik
S801,Pooja,23.0,FEMALE,BSc,TY,55.0,24.0,45.0,15.0,12,6,PASS,Mumbai
S802,Pooja,22.0,MALE,BA,SY,98.0,30.0,45.0,15.0,12,15,FAIL,Mumbai
S803,Aditya,25.0,MALE,BSc,SY,98.0,36.0,45.0,15.0,0,15,PASS,Pune
S804,Anaya,25.0,MALE,BA,TY,98.0,30.0,45.0,15.0,0,8,FAIL,Pune
S805,Aditya,15.0,FEMALE,BSc,SY,98.0,34.0,45.0,15.0,0,15,PASS,Nashik
S806,Vihaan,21.0,FEMALE,BA,FY,98.0,30.0,45.0,15.0,0,15,PASS,Pune
S807,Aditya,15.0,MALE,BSc,SY,98.0,30.0,31.0,20.0,0,1,PASS,Pune
S808,Anaya,22.0,MALE,BSc,FY,100.0,30.0,39.0,20.0,4,7,FAIL,Nashik
S809,Pooja,15.0,FEMALE,BCA,SY,98.0,39.0,45.0,20.0,12,4,PASS,Pune
S810,Rohan,25.0,MALE,BBA,FY,93.0,30.0,45.0,15.0,0,1,PASS,Nashik
S811,Aarav,15.0,FEMALE,BCA,FY,100.0,30.0,45.0,11.0,7,15,FAIL,Nashik
S812,Saanvi,15.0,MALE,BCom,SY,81.0,30.0,49.0,18.0,12,15,PASS,Nashik
S813,Saanvi,25.0,MALE,BSc,FY,100.0,30.0,56.0,15.0,12,15,FAIL,Nashik
S814,Rohan,19.0,FEMALE,BCA,FY,87.0,27.0,33.0,15.0,12,15,PASS,Nashik
S815,Anaya,25.0,FEMALE,BA,FY,98.0,30.0,45.0,15.0,0,3,FAIL,Pune
S816,Aarav,25.0,MALE,BBA,FY,100.0,30.0,59.0,15.0,12,1,PASS,Mumbai
S817,Karan,15.0,MALE,BCom,SY,100.0,25.0,45.0,14.0,0,4,FAIL,Mumbai
S818,Neha,25.0,MALE,BA,FY,98.0,23.0,51.0,18.0,12,5,PASS,Pune
S819,Aarav,22.0,FEMALE,BBA,SY,100.0,30.0,45.0,15.0,12,2,PASS,Mumbai
S820,Isha,15.0,MALE,BA,FY,100.0,24.0,52.0,15.0,12,3,PASS,Pune
S821,Neha,20.0,FEMALE,BBA,SY,100.0,30.0,45.0,10.0,0,8,PASS,Pune
S822,Aditya,15.0,FEMALE,BA,FY,100.0,30.0,45.0,15.0,12,15,PASS,Pune
S823,Pooja,25.0,MALE,BSc,FY,98.0,30.0,45.0,14.0,12,5,FAIL,Mumbai
S824,Rohan,20.0,MALE,BCom,TY,98.0,30.0,58.0,12.0,8,7,PASS,Pune
S825,Anaya,25.0,FEMALE,BA,SY,84.0,30.0,45.0,19.0,12,15,FAIL,Pune
S826,Neha,25.0,MALE,BCom,FY,75.0,33.0,38.0,14.0,12,5,PASS,Nashik
S827,Isha,25.0,FEMALE,BCA,FY,78.0,30.0,45.0,19.0,12,15,FAIL,Mumbai
S828,Aarav,18.0,MALE,BSc,TY,81.0,30.0,60.0,15.0,7,8,PASS,Nashik
S829,Saanvi,18.0,FEMALE,BSc,FY,100.0,39.0,45.0,11.0,12,15,PASS,Pune
S830,Vihaan,25.0,FEMALE,BCA,TY,64.0,30.0,45.0,15.0,12,6,PASS,Pune
S831,Anaya,25.0,FEMALE,BBA,FY,87.0,32.0,49.0,13.0,12,15,PASS,Nashik
S832,Neha,17.0,MALE,BA,FY,80.0,33.0,36.0,15.0,12,15,FAIL,Pune
S833,Aarav,21.0,MALE,BBA,FY,100.0,33.0,47.0,15.0,12,15,PASS,Pune
S834,Vihaan,25.0,MALE,BCom,SY,98.0,30.0,42.0,15.0,0,8,FAIL,Pune
S835,Pooja,25.0,FEMALE,BBA,FY,98.0,28.0,45.0,15.0,12,2,PASS,Nashik
S836,Pooja,25.0,MALE,BSc,FY,83.0,24.0,57.0,20.0,0,5,FAIL,Pune
S837,Saanvi,15.0,FEMALE,BA,SY,100.0,30.0,37.0,15.0,12,15,FAIL,Mumbai
S838,Neha,15.0,MALE,BCA,SY,100.0,40.0,45.0,12.0,12,15,PASS,Pune
S839,Rohan,23.0,FEMALE,BCom,TY,98.0,39.0,58.0,15.0,12,15,PASS,Pune
S840,Neha,17.0,FEMALE,BBA,SY,100.0,30.0,45.0,15.0,12,3,FAIL,Pune
S841,Karan,25.0,FEMALE,BCA,SY,100.0,30.0,41.0,15.0,12,15,FAIL,Nashik
S842,Karan,19.0,MALE,BCom,FY,100.0,29.0,35.0,19.0,0,15,FAIL,Nashik
S843,Saanvi,25.0,FEMALE,BCom,FY,94.0,30.0,55.0,14.0,11,15,PASS,Mumbai
S844,Neha,25.0,FEMALE,BA,SY,100.0,30.0,45.0,20.0,12,15,PASS,Pune
S845,Anaya,25.0,FEMALE,BBA,SY,98.0,30.0,45.0,15.0,12,15,FAIL,Mumbai
S846,Pooja,25.0,MALE,BA,SY,85.0,33.0,35.0,15.0,12,8,PASS,Pune
S847,Aarav,25.0,MALE,BA,SY,80.0,30.0,45.0,15.0,10,4,FAIL,Pune
S848,Neha,25.0,MALE,BCom,FY,82.0,26.0,39.0,15.0,0,3,PASS,Mumbai
S849,Pooja,25.0,MALE,BSc,FY,56.0,23.0,45.0,15.0,5,5,PASS,Pune
S850,Aditya,15.0,FEMALE,BA,FY,98.0,27.0,39.0,15.0,12,15,FAIL,Nashik
S851,Neha,23.0,FEMALE,BCom,FY,100.0,30.0,53.0,15.0,5,15,PASS,Pune
S852,Rohan,20.0,MALE,BSc,TY,100.0,30.0,45.0,15.0,12,7,FAIL,Pune
S853,Isha,24.0,FEMALE,BSc,FY,98.0,20.0,32.0,15.0,12,5,FAIL,Nashik
S854,Neha,25.0,MALE,BCA,SY,65.0,30.0,45.0,20.0,12,15,PASS,Nashik
S855,Anaya,25.0,FEMALE,BSc,FY,100.0,30.0,46.0,15.0,0,7,PASS,Mumbai
S856,Saanvi,15.0,FEMALE,BA,FY,100.0,39.0,45.0,14.0,7,15,PASS,Pune
S857,Isha,15.0,MALE,BA,SY,100.0,39.0,45.0,15.0,12,15,PASS,Nashik
S858,Aditya,15.0,FEMALE,BBA,FY,98.0,30.0,55.0,15.0,12,15,FAIL,Pune
S859,Pooja,23.0,FEMALE,BA,TY,62.0,30.0,43.0,11.0,12,15,FAIL,Pune
S860,Neha,25.0,FEMALE,BSc,FY,98.0,30.0,38.0,15.0,0,15,FAIL,Nashik
S861,Aditya,15.0,FEMALE,BCom,SY,66.0,30.0,45.0,16.0,12,15,PASS,Pune
S862,Saanvi,21.0,FEMALE,BCom,SY,98.0,30.0,36.0,15.0,0,7,PASS,Mumbai
S863,Saanvi,21.0,MALE,BCA,SY,51.0,27.0,45.0,14.0,12,8,PASS,Nashik
S864,Aditya,15.0,FEMALE,BCom,FY,100.0,30.0,45.0,14.0,0,5,FAIL,Pune
S865,Neha,15.0,FEMALE,BCA,FY,58.0,22.0,40.0,14.0,0,15,PASS,Pune
S866,Karan,23.0,FEMALE,BA,FY,73.0,30.0,45.0,13.0,12,6,FAIL,Nashik
S867,Isha,25.0,MALE,BSc,FY,81.0,30.0,45.0,15.0,12,15,FAIL,Nashik
S868,Aditya,25.0,FEMALE,BBA,TY,82.0,29.0,45.0,15.0,0,15,PASS,Nashik
S869,Vihaan,25.0,FEMALE,BCom,FY,54.0,34.0,45.0,10.0,12,3,FAIL,Pune
S870,Rohan,25.0,FEMALE,BCA,FY,98.0,30.0,45.0,14.0,12,15,PASS,Nashik
S871,Neha,25.0,MALE,BA,TY,98.0,23.0,39.0,15.0,0,4,PASS,Nashik
S872,Rohan,17.0,MALE,BSc,FY,100.0,30.0,30.0,17.0,12,6,FAIL,Pune
S873,Pooja,15.0,MALE,BBA,FY,100.0,25.0,45.0,15.0,12,15,FAIL,Pune
S874,Saanvi,15.0,MALE,BCA,TY,98.0,30.0,45.0,15.0,12,7,FAIL,Nashik
S875,Saanvi,15.0,FEMALE,BCA,FY,55.0,38.0,45.0,15.0,12,1,FAIL,Nashik
S876,Rohan,25.0,FEMALE,BCom,FY,98.0,26.0,45.0,15.0,12,8,FAIL,Nashik
S877,Karan,25.0,FEMALE,BCA,SY,60.0,37.0,45.0,11.0,12,4,PASS,Nashik
S878,Neha,15.0,FEMALE,BBA,FY,93.0,27.0,55.0,15.0,0,5,FAIL,Mumbai
S879,Pooja,17.0,FEMALE,BCA,SY,98.0,30.0,39.0,15.0,12,15,PASS,Mumbai
S880,Vihaan,25.0,MALE,BCA,FY,98.0,30.0,57.0,20.0,0,15,PASS,Nashik
S881,Isha,25.0,FEMALE,BSc,SY,98.0,30.0,59.0,20.0,0,1,FAIL,Mumbai
S882,Rohan,23.0,FEMALE,BCom,FY,98.0,30.0,45.0,20.0,0,15,PASS,Nashik
S883,Karan,25.0,FEMALE,BBA,TY,100.0,30.0,45.0,15.0,0,15,PASS,Pune
S884,Rohan,15.0,FEMALE,BCA,FY,100.0,27.0,60.0,16.0,0,3,PASS,Nashik
S885,Isha,15.0,MALE,BSc,SY,100.0,21.0,31.0,17.0,12,15,FAIL,Nashik
S886,Rohan,21.0,MALE,BCom,SY,54.0,30.0,45.0,11.0,12,8,FAIL,Mumbai
S887,Rohan,25.0,FEMALE,BCom,FY,98.0,26.0,45.0,16.0,12,15,PASS,Pune
S888,Aarav,25.0,MALE,BBA,FY,100.0,30.0,45.0,20.0,2,1,FAIL,Nashik
S889,Anaya,25.0,FEMALE,BCA,SY,100.0,27.0,45.0,10.0,12,2,PASS,Pune
S890,Saanvi,25.0,MALE,BCA,TY,100.0,24.0,37.0,15.0,12,4,FAIL,Nashik
S891,Karan,25.0,MALE,BA,FY,87.0,30.0,45.0,15.0,11,15,PASS,Nashik
S892,Anaya,25.0,FEMALE,BBA,SY,98.0,23.0,45.0,12.0,12,15,FAIL,Mumbai
S893,Pooja,25.0,MALE,BSc,TY,98.0,30.0,51.0,15.0,0,3,FAIL,Mumbai
S894,Anaya,25.0,MALE,BCom,FY,100.0,28.0,45.0,15.0,0,2,PASS,Mumbai
S895,Neha,25.0,FEMALE,BCA,FY,93.0,37.0,45.0,15.0,12,15,FAIL,Pune
S896,Aarav,15.0,FEMALE,BA,TY,100.0,35.0,45.0,15.0,12,15,FAIL,Nashik
S897,Pooja,19.0,MALE,BSc,FY,98.0,30.0,45.0,15.0,12,15,PASS,Pune
S898,Pooja,17.0,MALE,BBA,SY,100.0,30.0,37.0,10.0,0,4,PASS,Nashik
S899,Aarav,19.0,MALE,BCA,SY,100.0,30.0,40.0,15.0,12,2,FAIL,Mumbai
S900,Aarav,25.0,MALE,BSc,SY,100.0,30.0,53.0,15.0,12,15,PASS,Pune
S901,Aditya,15.0,FEMALE,BA,TY,98.0,20.0,45.0,17.0,0,15,PASS,Pune
S902,Rohan,17.0,FEMALE,BA,FY,98.0,20.0,45.0,15.0,12,15,FAIL,Mumbai
S903,Pooja,22.0,FEMALE,BCA,TY,72.0,28.0,45.0,15.0,12,4,FAIL,Mumbai
S904,Aarav,24.0,FEMALE,BA,FY,98.0,30.0,45.0,17.0,0,1,FAIL,Pune
S905,Neha,15.0,MALE,BCA,SY,100.0,30.0,50.0,15.0,12,4,FAIL,Nashik
S906,Rohan,25.0,MALE,BCA,TY,76.0,30.0,35.0,15.0,12,6,PASS,Nashik
S907,Karan,15.0,MALE,BCA,SY,98.0,22.0,57.0,15.0,0,15,FAIL,Pune
S908,Saanvi,25.0,MALE,BCom,SY,61.0,30.0,45.0,10.0,12,15,PASS,Pune
S909,Isha,23.0,FEMALE,BSc,TY,69.0,30.0,37.0,15.0,12,6,FAIL,Pune
S910,Aditya,25.0,FEMALE,BBA,FY,100.0,31.0,49.0,15.0,12,5,FAIL,Nashik
S911,Vihaan,25.0,MALE,BBA,SY,55.0,21.0,55.0,17.0,12,3,FAIL,Nashik
S912,Isha,15.0,FEMALE,BSc,FY,98.0,25.0,44.0,12.0,6,15,FAIL,Nashik
S913,Rohan,15.0,FEMALE,BCA,FY,93.0,30.0,45.0,15.0,0,15,FAIL,Mumbai
S914,Anaya,15.0,FEMALE,BCom,TY,98.0,32.0,37.0,15.0,12,15,PASS,Nashik
S915,Neha,17.0,MALE,BCom,SY,100.0,23.0,60.0,18.0,3,15,PASS,Nashik
S916,Karan,15.0,MALE,BA,FY,65.0,35.0,45.0,15.0,12,15,PASS,Pune
S917,Pooja,15.0,MALE,BBA,SY,98.0,27.0,45.0,15.0,0,15,FAIL,Pune
S918,Vihaan,15.0,FEMALE,BCA,TY,98.0,23.0,45.0,15.0,12,15,PASS,Pune
S919,Isha,25.0,MALE,BCA,SY,100.0,30.0,45.0,15.0,12,4,FAIL,Pune
S920,Anaya,25.0,FEMALE,BCA,FY,98.0,28.0,45.0,15.0,12,8,FAIL,Nashik
S921,Anaya,22.0,FEMALE,BCA,TY,98.0,26.0,56.0,14.0,0,15,PASS,Nashik
S922,Aditya,25.0,FEMALE,BSc,FY,100.0,22.0,34.0,14.0,0,5,FAIL,Pune
S923,Vihaan,15.0,FEMALE,BA,FY,91.0,30.0,56.0,19.0,12,15,PASS,Nashik
S924,Vihaan,25.0,MALE,BCA,FY,70.0,40.0,45.0,20.0,0,8,PASS,Pune
S925,Saanvi,18.0,MALE,BA,SY,100.0,30.0,35.0,16.0,12,15,FAIL,Nashik
S926,Neha,25.0,FEMALE,BBA,FY,100.0,30.0,45.0,15.0,12,1,FAIL,Nashik
S927,Saanvi,25.0,FEMALE,BSc,SY,100.0,30.0,45.0,15.0,12,5,FAIL,Pune
S928,Karan,25.0,MALE,BCA,FY,100.0,30.0,45.0,17.0,12,15,PASS,Mumbai
S929,Anaya,25.0,MALE,BBA,TY,50.0,30.0,33.0,18.0,12,2,FAIL,Nashik
S930,Anaya,15.0,FEMALE,BCom,TY,100.0,30.0,45.0,15.0,6,4,FAIL,Mumbai
S931,Vihaan,15.0,MALE,BCA,SY,100.0,30.0,45.0,15.0,5,15,FAIL,Mumbai
S932,Aditya,15.0,FEMALE,BCA,FY,86.0,23.0,45.0,15.0,12,8,FAIL,Mumbai
S933,Neha,25.0,MALE,BBA,FY,92.0,30.0,45.0,13.0,0,6,FAIL,Nashik
S934,Aarav,25.0,FEMALE,BCom,SY,100.0,30.0,45.0,15.0,12,8,FAIL,Nashik
S935,Aditya,25.0,FEMALE,BSc,FY,73.0,30.0,45.0,10.0,12,15,FAIL,Pune
S936,Rohan,19.0,MALE,BBA,FY,57.0,35.0,45.0,16.0,10,5,PASS,Pune
S937,Aditya,25.0,MALE,BA,TY,72.0,24.0,45.0,16.0,12,8,PASS,Pune
S938,Saanvi,25.0,FEMALE,BBA,FY,98.0,29.0,45.0,15.0,4,1,PASS,Nashik
S939,Karan,25.0,MALE,BBA,TY,100.0,33.0,45.0,20.0,0,2,PASS,Pune
S940,Isha,21.0,FEMALE,BA,TY,61.0,30.0,45.0,17.0,12,7,FAIL,Pune
S941,Rohan,15.0,FEMALE,BCA,FY,100.0,28.0,44.0,17.0,0,15,PASS,Nashik
S942,Saanvi,25.0,FEMALE,BCA,TY,98.0,30.0,48.0,14.0,0,15,FAIL,Nashik
S943,Anaya,25.0,MALE,BCom,SY,100.0,30.0,45.0,15.0,9,15,FAIL,Pune
S944,Neha,15.0,MALE,BBA,SY,88.0,30.0,57.0,12.0,0,6,FAIL,Pune
S945,Vihaan,25.0,FEMALE,BA,FY,98.0,30.0,53.0,15.0,12,15,PASS,Nashik
S946,Vihaan,25.0,MALE,BBA,SY,68.0,30.0,33.0,15.0,12,5,PASS,Pune
S947,Vihaan,19.0,FEMALE,BA,FY,98.0,30.0,59.0,18.0,12,15,FAIL,Nashik
S948,Rohan,15.0,MALE,BSc,SY,100.0,35.0,45.0,11.0,0,3,FAIL,Pune
S949,Aditya,25.0,FEMALE,BSc,SY,98.0,30.0,37.0,15.0,12,15,PASS,Pune
S950,Anaya,15.0,FEMALE,BCA,FY,100.0,30.0,45.0,15.0,0,15,PASS,Nashik
S951,Pooja,25.0,MALE,BCA,TY,100.0,30.0,45.0,15.0,12,15,PASS,Mumbai
S952,Saanvi,19.0,FEMALE,BCA,FY,98.0,30.0,45.0,15.0,0,7,PASS,Mumbai
S953,Anaya,15.0,FEMALE,BCom,SY,100.0,28.0,45.0,15.0,12,6,FAIL,Nashik
S954,Neha,25.0,FEMALE,BBA,FY,100.0,30.0,45.0,11.0,12,15,PASS,Mumbai
S955,Saanvi,25.0,FEMALE,BA,SY,100.0,30.0,47.0,15.0,0,15,FAIL,Pune
S956,Pooja,25.0,MALE,BCA,TY,98.0,28.0,44.0,15.0,12,8,PASS,Nashik
S957,Karan,25.0,FEMALE,BBA,FY,100.0,30.0,45.0,11.0,0,15,PASS,Nashik
S958,Vihaan,25.0,FEMALE,BSc,TY,100.0,30.0,45.0,14.0,0,15,FAIL,Nashik
S959,Vihaan,25.0,MALE,BCA,FY,100.0,21.0,47.0,15.0,0,15,FAIL,Nashik
S960,Saanvi,15.0,FEMALE,BBA,FY,69.0,30.0,31.0,11.0,12,15,PASS,Nashik
S961,Vihaan,25.0,FEMALE,BBA,TY,100.0,30.0,47.0,15.0,0,15,FAIL,Nashik
S962,Aditya,25.0,FEMALE,BBA,SY,98.0,35.0,56.0,15.0,12,15,PASS,Nashik
S963,Pooja,21.0,FEMALE,BCom,SY,98.0,30.0,49.0,15.0,0,15,PASS,Mumbai
S964,Vihaan,25.0,MALE,BSc,FY,89.0,28.0,45.0,14.0,0,4,FAIL,Pune
S965,Rohan,15.0,MALE,BCA,FY,90.0,25.0,40.0,15.0,0,15,FAIL,Mumbai
S966,Anaya,25.0,MALE,BCom,SY,83.0,30.0,45.0,15.0,0,6,PASS,Mumbai
S967,Aditya,20.0,FEMALE,BCom,TY,98.0,29.0,45.0,12.0,0,7,PASS,Nashik
S968,Anaya,25.0,FEMALE,BBA,SY,100.0,26.0,45.0,11.0,12,4,FAIL,Nashik
S969,Saanvi,25.0,MALE,BCom,SY,98.0,40.0,45.0,18.0,0,15,FAIL,Nashik
S970,Neha,25.0,MALE,BSc,SY,98.0,30.0,45.0,15.0,12,15,FAIL,Mumbai
S971,Anaya,17.0,FEMALE,BBA,FY,80.0,30.0,58.0,13.0,12,8,PASS,Mumbai
S972,Saanvi,25.0,MALE,BA,TY,57.0,32.0,45.0,17.0,9,6,FAIL,Nashik
S973,Vihaan,21.0,MALE,BSc,SY,100.0,30.0,45.0,15.0,0,3,PASS,Pune
S974,Karan,25.0,MALE,BBA,FY,98.0,30.0,45.0,15.0,0,7,PASS,Pune
S975,Vihaan,25.0,MALE,BCom,TY,100.0,30.0,49.0,16.0,0,1,PASS,Pune
S976,Karan,25.0,FEMALE,BSc,FY,54.0,30.0,53.0,15.0,0,3,FAIL,Nashik
S977,Isha,15.0,FEMALE,BBA,SY,91.0,30.0,37.0,10.0,0,5,FAIL,Nashik
S978,Karan,15.0,FEMALE,BCA,SY,100.0,32.0,49.0,18.0,0,5,PASS,Nashik
S979,Aarav,25.0,FEMALE,BA,FY,100.0,30.0,45.0,14.0,12,6,FAIL,Pune
S980,Karan,22.0,FEMALE,BCA,FY,100.0,30.0,51.0,15.0,11,15,PASS,Nashik
S981,Neha,15.0,FEMALE,BCA,SY,100.0,36.0,45.0,18.0,12,15,FAIL,Mumbai
S982,Neha,22.0,FEMALE,BCom,SY,98.0,24.0,45.0,15.0,12,15,PASS,Nashik
S983,Isha,25.0,FEMALE,BBA,SY,100.0,39.0,45.0,19.0,12,4,FAIL,Nashik
S984,Isha,18.0,MALE,BBA,SY,83.0,28.0,45.0,15.0,0,15,PASS,Nashik
S985,Pooja,25.0,MALE,BSc,TY,100.0,30.0,44.0,12.0,12,15,PASS,Nashik
S986,Rohan,15.0,FEMALE,BA,SY,86.0,26.0,40.0,15.0,9,3,FAIL,Mumbai
S987,Anaya,15.0,MALE,BCA,SY,55.0,30.0,31.0,15.0,12,4,FAIL,Pune
S988,Anaya,25.0,MALE,BCom,SY,95.0,30.0,54.0,16.0,12,15,FAIL,Pune
S989,Isha,25.0,FEMALE,BSc,TY,55.0,30.0,45.0,17.0,0,15,FAIL,Pune
S990,Vihaan,15.0,MALE,BA,SY,71.0,32.0,33.0,12.0,0,15,FAIL,Pune
S991,Anaya,15.0,FEMALE,BCom,TY,62.0,35.0,32.0,16.0,0,15,PASS,Pune
S992,Vihaan,25.0,FEMALE,BBA,FY,98.0,28.0,45.0,11.0,0,7,PASS,Nashik
S993,Neha,25.0,MALE,BA,SY,100.0,31.0,41.0,17.0,12,15,FAIL,Pune
S994,Aditya,25.0,MALE,BSc,TY,100.0,22.0,52.0,18.0,0,3,FAIL,Mumbai
S995,Rohan,25.0,MALE,BCom,FY,98.0,30.0,47.0,18.0,12,3,PASS,Nashik
S996,Pooja,25.0,MALE,BCom,TY,98.0,30.0,45.0,15.0,0,1,FAIL,Nashik
S997,Isha,15.0,MALE,BBA,TY,98.0,30.0,45.0,17.0,0,3,FAIL,Mumbai
S998,Rohan,22.0,FEMALE,BCom,FY,67.0,32.0,45.0,20.0,12,15,FAIL,Pune
S999,Aarav,22.0,FEMALE,BCom,FY,98.0,30.0,38.0,16.0,12,15,FAIL,Nashik
S1000,Aditya,17.0,FEMALE,BCom,SY,56.0,30.0,45.0,12.0,12,4,FAIL,Mumbai
S1001,Saanvi,15.0,FEMALE,BCom,FY,98.0,30.0,33.0,15.0,0,15,PASS,Pune
S1002,Karan,25.0,MALE,BCA,SY,100.0,30.0,45.0,15.0,11,2,PASS,Mumbai
S1003,Pooja,15.0,MALE,BSc,SY,64.0,30.0,53.0,15.0,0,15,PASS,Pune
S1004,Rohan,25.0,MALE,BCA,TY,100.0,26.0,45.0,15.0,12,15,FAIL,Mumbai
S1005,Isha,25.0,MALE,BCA,SY,98.0,38.0,33.0,15.0,12,15,PASS,Nashik
S1006,Aarav,15.0,FEMALE,BBA,FY,100.0,30.0,41.0,15.0,12,4,PASS,Pune
S1007,Aditya,25.0,FEMALE,BBA,FY,57.0,30.0,31.0,15.0,5,15,PASS,Nashik
S1008,Pooja,25.0,MALE,BBA,FY,100.0,30.0,45.0,15.0,0,15,FAIL,Nashik
S1009,Aarav,25.0,MALE,BSc,SY,71.0,33.0,45.0,15.0,3,8,PASS,Pune
S1010,Aditya,25.0,MALE,BCA,FY,100.0,30.0,45.0,17.0,0,15,PASS,Mumbai
S1011,Anaya,25.0,MALE,BCom,TY,98.0,38.0,35.0,15.0,12,15,FAIL,Nashik
S1012,Saanvi,25.0,FEMALE,BSc,SY,100.0,30.0,45.0,10.0,12,3,FAIL,Mumbai
S1013,Saanvi,25.0,MALE,BSc,SY,98.0,30.0,39.0,15.0,12,2,PASS,Pune
S1014,Anaya,25.0,FEMALE,BBA,TY,100.0,26.0,50.0,15.0,12,6,FAIL,Pune
S1015,Anaya,25.0,MALE,BA,TY,98.0,30.0,44.0,15.0,12,15,PASS,Nashik
S1016,Pooja,25.0,FEMALE,BCom,SY,87.0,30.0,45.0,15.0,2,5,FAIL,Mumbai
S1017,Neha,15.0,MALE,BCA,FY,100.0,31.0,41.0,15.0,0,2,FAIL,Nashik
S1018,Pooja,25.0,MALE,BCom,TY,100.0,34.0,41.0,10.0,12,15,FAIL,Nashik
S1019,Aarav,25.0,MALE,BA,FY,85.0,30.0,45.0,15.0,0,6,FAIL,Nashik
S1020,Isha,22.0,FEMALE,BCom,FY,98.0,35.0,33.0,15.0,12,15,FAIL,Nashik
S1021,Aarav,15.0,FEMALE,BCA,SY,100.0,25.0,46.0,18.0,0,15,FAIL,Nashik
S1022,Anaya,15.0,MALE,BA,SY,100.0,32.0,45.0,12.0,1,2,PASS,Nashik
S1023,Vihaan,17.0,FEMALE,BCA,SY,63.0,27.0,37.0,15.0,12,15,PASS,Nashik
S1024,Neha,25.0,MALE,BA,SY,76.0,33.0,45.0,17.0,0,2,PASS,Pune
S1025,Aditya,25.0,MALE,BA,SY,80.0,30.0,45.0,15.0,12,2,PASS,Pune
S1026,Aditya,19.0,MALE,BBA,SY,61.0,34.0,37.0,20.0,12,15,PASS,Pune
S1027,Anaya,25.0,MALE,BA,FY,100.0,34.0,45.0,15.0,12,15,PASS,Nashik
S1028,Pooja,25.0,FEMALE,BBA,SY,98.0,24.0,54.0,15.0,6,4,PASS,Nashik
S1029,Rohan,25.0,MALE,BCA,SY,100.0,30.0,45.0,15.0,0,15,FAIL,Nashik
S1030,Neha,15.0,FEMALE,BSc,TY,98.0,31.0,45.0,20.0,12,8,FAIL,Mumbai
S1031,Isha,15.0,FEMALE,BA,SY,98.0,32.0,51.0,15.0,0,2,PASS,Nashik
S1032,Isha,15.0,FEMALE,BCom,SY,100.0,30.0,44.0,15.0,12,15,PASS,Nashik
S1033,Saanvi,15.0,MALE,BSc,FY,98.0,28.0,40.0,18.0,0,15,PASS,Mumbai
S1034,Aarav,25.0,MALE,BBA,SY,98.0,30.0,34.0,12.0,12,15,FAIL,Nashik
S1035,Neha,25.0,FEMALE,BCA,SY,77.0,30.0,45.0,15.0,0,5,FAIL,Mumbai
S1036,Neha,18.0,MALE,BCom,FY,98.0,30.0,45.0,15.0,12,1,FAIL,Pune
S1037,Pooja,25.0,FEMALE,BCA,SY,100.0,36.0,45.0,11.0,12,15,PASS,Pune
S1038,Anaya,25.0,FEMALE,BA,FY,56.0,27.0,46.0,20.0,12,15,FAIL,Nashik
S1039,Pooja,25.0,FEMALE,BCom,SY,98.0,30.0,51.0,16.0,12,15,PASS,Mumbai
S1040,Rohan,24.0,FEMALE,BCom,FY,50.0,30.0,59.0,15.0,2,15,PASS,Pune
S1041,Anaya,25.0,FEMALE,BCA,FY,98.0,30.0,57.0,12.0,12,3,PASS,Mumbai
S1042,Rohan,25.0,MALE,BA,FY,98.0,28.0,32.0,15.0,12,2,FAIL,Nashik
S1043,Rohan,25.0,MALE,BSc,SY,92.0,24.0,44.0,20.0,0,5,PASS,Pune
S1044,Pooja,21.0,MALE,BCom,SY,56.0,21.0,60.0,11.0,0,2,FAIL,Nashik
S1045,Anaya,25.0,MALE,BCA,SY,68.0,30.0,45.0,15.0,12,5,FAIL,Nashik
S1046,Anaya,15.0,MALE,BCom,FY,60.0,30.0,45.0,15.0,0,15,FAIL,Pune
S1047,Isha,25.0,MALE,BA,FY,79.0,26.0,54.0,15.0,0,15,FAIL,Mumbai
S1048,Rohan,20.0,MALE,BSc,SY,100.0,30.0,45.0,16.0,10,15,FAIL,Pune
S1049,Rohan,25.0,MALE,BSc,SY,100.0,30.0,49.0,19.0,12,15,PASS,Pune
S1050,Karan,25.0,MALE,BCA,SY,67.0,37.0,33.0,15.0,12,8,PASS,Pune
S1051,Rohan,25.0,MALE,BA,FY,66.0,30.0,55.0,11.0,0,15,PASS,Nashik
S1052,Isha,25.0,FEMALE,BSc,FY,98.0,30.0,45.0,15.0,12,15,FAIL,Nashik
S1053,Aditya,24.0,FEMALE,BA,FY,63.0,31.0,45.0,15.0,12,15,FAIL,Nashik
S1054,Saanvi,21.0,FEMALE,BA,TY,100.0,33.0,45.0,16.0,12,15,FAIL,Nashik
S1055,Saanvi,15.0,MALE,BSc,SY,98.0,30.0,45.0,15.0,0,15,FAIL,Nashik
S1056,Rohan,25.0,MALE,BA,FY,98.0,37.0,56.0,18.0,12,15,FAIL,Nashik
S1057,Aditya,25.0,FEMALE,BBA,SY,100.0,26.0,34.0,20.0,12,15,PASS,Mumbai
S1058,Vihaan,25.0,MALE,BCA,FY,98.0,30.0,45.0,15.0,12,4,PASS,Nashik
S1059,Anaya,25.0,FEMALE,BCom,SY,100.0,30.0,45.0,15.0,12,15,FAIL,Nashik
S1060,Aarav,15.0,MALE,BCom,TY,98.0,34.0,45.0,12.0,8,15,PASS,Nashik
S1061,Anaya,25.0,FEMALE,BCA,SY,100.0,30.0,58.0,17.0,0,15,FAIL,Mumbai
S1062,Aditya,20.0,FEMALE,BCom,FY,100.0,30.0,45.0,15.0,12,7,FAIL,Mumbai
S1063,Aditya,25.0,MALE,BCom,SY,98.0,32.0,50.0,15.0,0,5,PASS,Pune
S1064,Karan,25.0,FEMALE,BCom,SY,85.0,40.0,51.0,15.0,12,15,FAIL,Nashik
S1065,Rohan,25.0,FEMALE,BBA,FY,100.0,27.0,45.0,18.0,12,15,PASS,Pune
S1066,Neha,15.0,MALE,BBA,FY,98.0,30.0,34.0,14.0,6,5,FAIL,Pune
S1067,Vihaan,25.0,MALE,BBA,SY,98.0,40.0,45.0,15.0,2,15,PASS,Nashik
S1068,Aarav,21.0,FEMALE,BCom,SY,98.0,30.0,55.0,15.0,0,4,PASS,Nashik
S1069,Anaya,25.0,MALE,BSc,SY,98.0,30.0,45.0,15.0,0,5,FAIL,Nashik
S1070,Aditya,25.0,FEMALE,BCA,FY,98.0,30.0,45.0,20.0,12,1,PASS,Pune
S1071,Isha,22.0,MALE,BSc,FY,98.0,21.0,45.0,15.0,0,15,PASS,Nashik
S1072,Isha,15.0,MALE,BBA,TY,54.0,21.0,45.0,15.0,0,4,PASS,Pune
S1073,Aditya,23.0,FEMALE,BA,FY,98.0,30.0,52.0,15.0,12,1,PASS,Pune
S1074,Vihaan,25.0,MALE,BA,TY,100.0,28.0,45.0,20.0,12,15,PASS,Pune
S1075,Aarav,15.0,FEMALE,BA,TY,100.0,30.0,33.0,18.0,12,15,PASS,Pune
S1076,Anaya,18.0,FEMALE,BCom,FY,98.0,30.0,45.0,15.0,12,1,PASS,Nashik
S1077,Aditya,15.0,MALE,BSc,SY,100.0,30.0,50.0,15.0,0,15,FAIL,Pune
S1078,Anaya,25.0,FEMALE,BA,FY,98.0,37.0,38.0,15.0,6,15,FAIL,Mumbai
S1079,Pooja,15.0,MALE,BCA,FY,74.0,28.0,45.0,15.0,12,15,FAIL,Pune
S1080,Neha,25.0,MALE,BBA,TY,81.0,30.0,56.0,15.0,12,15,FAIL,Pune
S1081,Isha,25.0,MALE,BSc,SY,98.0,30.0,41.0,20.0,0,15,FAIL,Nashik
S1082,Pooja,18.0,MALE,BBA,SY,100.0,36.0,48.0,15.0,0,7,PASS,Mumbai
S1083,Aditya,25.0,FEMALE,BSc,SY,64.0,29.0,45.0,15.0,12,3,PASS,Mumbai
S1084,Aditya,15.0,MALE,BA,FY,100.0,36.0,45.0,17.0,12,4,FAIL,Nashik
S1085,Anaya,25.0,MALE,BCA,TY,100.0,30.0,45.0,18.0,12,3,FAIL,Mumbai
S1086,Karan,25.0,MALE,BCA,SY,54.0,30.0,33.0,15.0,12,1,FAIL,Pune
S1087,Isha,25.0,FEMALE,BA,TY,98.0,30.0,45.0,15.0,0,6,FAIL,Pune
S1088,Saanvi,15.0,MALE,BSc,SY,67.0,30.0,45.0,17.0,12,7,FAIL,Mumbai
S1089,Aarav,25.0,MALE,BBA,TY,70.0,30.0,59.0,15.0,0,15,PASS,Nashik
S1090,Saanvi,25.0,FEMALE,BCom,SY,100.0,24.0,32.0,11.0,12,15,FAIL,Pune
S1091,Pooja,25.0,FEMALE,BSc,SY,100.0,21.0,42.0,15.0,7,15,PASS,Mumbai
S1092,Isha,25.0,MALE,BSc,SY,98.0,30.0,45.0,20.0,0,15,FAIL,Nashik
S1093,Saanvi,25.0,MALE,BA,FY,71.0,30.0,57.0,15.0,12,1,FAIL,Pune
S1094,Neha,15.0,MALE,BBA,FY,98.0,23.0,45.0,15.0,0,15,FAIL,Pune
S1095,Rohan,25.0,FEMALE,BCA,FY,100.0,23.0,38.0,16.0,8,15,FAIL,Pune
S1096,Aarav,15.0,FEMALE,BCom,FY,98.0,30.0,45.0,11.0,0,15,PASS,Nashik
S1097,Pooja,24.0,FEMALE,BCom,SY,98.0,30.0,45.0,13.0,12,15,PASS,Pune
S1098,Aditya,15.0,MALE,BSc,FY,100.0,30.0,45.0,12.0,1,8,PASS,Mumbai
S1099,Vihaan,25.0,FEMALE,BCA,SY,50.0,27.0,45.0,11.0,12,7,FAIL,Pune
S1100,Neha,20.0,MALE,BBA,FY,98.0,39.0,45.0,17.0,0,15,FAIL,Mumbai
