Student ID,Student Name,Age,Gender,Course,Year,Attendance,Internal Marks,External Marks,Assignment Score,Study Hours,Internet Usage,Result,City,Risk Level
S1,Isha,17.0,FEMALE,BA,SY,98.0,20.0,45.0,15.0,12,15,PASS,Pune,MEDIUM
S2,Karan,19.0,MALE,BCA,SY,98.0,30.0,37.0,19.0,0,6,PASS,Pune,MEDIUM
S3,Isha,25.0,FEMALE,BSc,TY,61.0,30.0,59.0,20.0,12,2,FAIL,Nashik,LOW
S4,Karan,25.0,FEMALE,BA,FY,100.0,22.0,41.0,11.0,0,5,FAIL,Pune,MEDIUM
S5,Anaya,20.0,MALE,BCA,TY,95.0,30.0,45.0,15.0,12,15,FAIL,Nashik,LOW
S6,Vihaan,25.0,FEMALE,BCom,FY,100.0,30.0,45.0,15.0,8,15,PASS,Nashik,LOW
S7,Vihaan,25.0,MALE,BA,TY,98.0,40.0,45.0,15.0,5,15,FAIL,Nashik,LOW
S8,Anaya,25.0,MALE,BCom,TY,98.0,21.0,43.0,15.0,12,15,FAIL,Mumbai,MEDIUM
S9,Rohan,25.0,FEMALE,BSc,FY,98.0,37.0,45.0,11.0,12,15,FAIL,Nashik,MEDIUM
S10,Aditya,25.0,FEMALE,BBA,SY,65.0,30.0,45.0,15.0,12,15,PASS,Nashik,MEDIUM
S11,Anaya,25.0,FEMALE,BCom,TY,68.0,30.0,45.0,15.0,0,7,PASS,Pune,MEDIUM
S12,Karan,25.0,FEMALE,BBA,FY,90.0,29.0,45.0,12.0,12,15,PASS,Mumbai,MEDIUM
S13,Aarav,15.0,FEMALE,BBA,SY,100.0,31.0,45.0,15.0,2,1,PASS,Nashik,LOW
S14,Anaya,25.0,MALE,BSc,FY,100.0,25.0,36.0,12.0,0,15,FAIL,Pune,HIGH
S15,Vihaan,25.0,FEMALE,BCom,SY,61.0,28.0,51.0,15.0,12,15,FAIL,Nashik,MEDIUM
S16,Aarav,25.0,FEMALE,BCom,FY,98.0,33.0,45.0,18.0,12,15,PASS,Pune,LOW
S17,Vihaan,25.0,MALE,BBA,FY,100.0,30.0,45.0,15.0,12,15,FAIL,Mumbai,LOW
S18,Saanvi,21.0,MALE,BCom,SY,98.0,22.0,47.0,20.0,12,15,FAIL,Nashik,MEDIUM
S19,Anaya,25.0,MALE,BA,FY,98.0,30.0,38.0,15.0,0,7,PASS,Nashik,MEDIUM
S20,Vihaan,17.0,MALE,BBA,SY,100.0,20.0,51.0,15.0,12,15,FAIL,Pune,MEDIUM
S21,Karan,25.0,MALE,BCom,SY,98.0,27.0,34.0,12.0,2,7,FAIL,Nashik,MEDIUM
S22,Rohan,15.0,MALE,BBA,TY,100.0,30.0,41.0,19.0,12,15,PASS,Pune,LOW
S23,Aarav,25.0,MALE,BCom,TY,95.0,30.0,35.0,15.0,0,15,PASS,Mumbai,MEDIUM
S24,Neha,15.0,MALE,BSc,TY,100.0,30.0,45.0,15.0,12,8,PASS,Nashik,LOW
S25,Rohan,23.0,FEMALE,BCom,FY,98.0,30.0,45.0,15.0,12,2,FAIL,Pune,LOW
S26,Isha,22.0,FEMALE,BCom,FY,98.0,30.0,45.0,15.0,12,6,PASS,Nashik,LOW
S27,Isha,25.0,FEMALE,BSc,TY,100.0,30.0,30.0,13.0,8,15,FAIL,Pune,MEDIUM
S28,Neha,17.0,FEMALE,BSc,FY,70.0,30.0,45.0,19.0,12,15,FAIL,Nashik,MEDIUM
S29,Rohan,15.0,FEMALE,BCom,FY,76.0,30.0,41.0,15.0,0,15,PASS,Pune,MEDIUM
S30,Aarav,19.0,FEMALE,BA,FY,98.0,22.0,50.0,15.0,12,15,FAIL,Nashik,MEDIUM
S31,Aditya,25.0,MALE,BA,SY,100.0,34.0,47.0,15.0,0,15,PASS,Nashik,MEDIUM
S32,Aarav,25.0,MALE,BBA,FY,100.0,39.0,45.0,15.0,0,15,PASS,Nashik,MEDIUM
S33,Isha,23.0,FEMALE,BCom,SY,98.0,21.0,36.0,15.0,0,15,FAIL,Mumbai,MEDIUM
S34,Rohan,25.0,FEMALE,BCom,FY,98.0,30.0,34.0,20.0,12,15,FAIL,Nashik,LOW
S35,Aditya,17.0,FEMALE,BCom,SY,98.0,30.0,45.0,15.0,0,15,FAIL,Mumbai,MEDIUM
S36,Aditya,15.0,MALE,BCom,SY,79.0,40.0,45.0,10.0,12,2,PASS,Nashik,LOW
S37,Anaya,19.0,MALE,BBA,SY,95.0,30.0,59.0,11.0,12,2,PASS,Pune,LOW
S38,Vihaan,15.0,MALE,BA,TY,100.0,30.0,38.0,19.0,0,7,FAIL,Pune,MEDIUM
S39,Isha,25.0,MALE,BSc,FY,100.0,32.0,45.0,16.0,0,15,PASS,Mumbai,MEDIUM
S40,Isha,25.0,FEMALE,BA,SY,100.0,36.0,41.0,13.0,12,1,FAIL,Mumbai,LOW
S41,Rohan,25.0,FEMALE,BCom,FY,74.0,37.0,45.0,15.0,0,2,PASS,Pune,MEDIUM
S42,Rohan,25.0,FEMALE,BA,TY,98.0,30.0,45.0,14.0,12,2,FAIL,Pune,LOW
S43,Neha,25.0,FEMALE,BCA,TY,100.0,30.0,45.0,17.0,12,7,FAIL,Pune,LOW
S44,Aditya,25.0,FEMALE,BA,FY,98.0,30.0,51.0,19.0,12,15,PASS,Nashik,LOW
S45,Aditya,20.0,MALE,BSc,SY,100.0,20.0,45.0,15.0,12,6,FAIL,Nashik,LOW
S46,Vihaan,18.0,FEMALE,BSc,FY,100.0,27.0,35.0,18.0,12,15,PASS,Nashik,MEDIUM
S47,Aditya,15.0,FEMALE,BBA,SY,98.0,32.0,45.0,13.0,12,3,PASS,Mumbai,LOW
S48,Saanvi,25.0,FEMALE,BA,SY,100.0,30.0,45.0,12.0,0,6,PASS,Nashik,MEDIUM
S49,Aarav,25.0,MALE,BA,SY,98.0,30.0,36.0,20.0,0,15,FAIL,Mumbai,MEDIUM
S50,Karan,15.0,FEMALE,BCom,SY,98.0,30.0,45.0,15.0,4,15,FAIL,Nashik,MEDIUM
S51,Karan,25.0,FEMALE,BCA,FY,93.0,30.0,45.0,15.0,12,2,PASS,Pune,LOW
S52,Rohan,21.0,FEMALE,BA,SY,100.0,32.0,45.0,15.0,12,15,PASS,Pune,LOW
S53,Neha,15.0,FEMALE,BSc,TY,98.0,28.0,45.0,15.0,12,1,PASS,Nashik,LOW
S54,Saanvi,25.0,FEMALE,BCA,TY,100.0,30.0,50.0,14.0,12,3,FAIL,Mumbai,LOW
S55,Aarav,25.0,FEMALE,BA,FY,98.0,24.0,45.0,15.0,0,5,FAIL,Pune,MEDIUM
S56,Vihaan,25.0,MALE,BSc,SY,98.0,30.0,45.0,17.0,12,2,PASS,Pune,LOW
S57,Karan,25.0,MALE,BSc,TY,51.0,40.0,60.0,15.0,12,15,FAIL,Nashik,MEDIUM
S58,Neha,25.0,MALE,BBA,SY,98.0,27.0,45.0,15.0,12,15,PASS,Mumbai,MEDIUM
S59,Karan,25.0,FEMALE,BCA,FY,98.0,30.0,35.0,15.0,12,15,PASS,Mumbai,LOW
S60,Isha,15.0,MALE,BCom,TY,87.0,30.0,59.0,15.0,9,15,PASS,Pune,LOW
S61,Pooja,15.0,FEMALE,BCom,SY,98.0,30.0,36.0,15.0,12,15,PASS,Nashik,LOW
S62,Neha,25.0,MALE,BCA,FY,100.0,30.0,59.0,17.0,5,15,FAIL,Pune,LOW
S63,Saanvi,15.0,MALE,BBA,SY,100.0,30.0,45.0,17.0,0,7,FAIL,Mumbai,MEDIUM
S64,Karan,25.0,MALE,BBA,SY,71.0,25.0,45.0,15.0,12,15,FAIL,Nashik,MEDIUM
S65,Neha,25.0,FEMALE,BCom,TY,100.0,28.0,49.0,20.0,12,15,FAIL,Nashik,MEDIUM
S66,Karan,25.0,MALE,BBA,TY,100.0,31.0,45.0,15.0,12,15,PASS,Pune,LOW
S67,Isha,15.0,MALE,BBA,SY,98.0,29.0,45.0,15.0,0,4,PASS,Pune,MEDIUM
S68,Vihaan,24.0,MALE,BCA,SY,95.0,30.0,45.0,15.0,12,15,PASS,Nashik,LOW
S69,Rohan,25.0,MALE,BCA,FY,100.0,30.0,45.0,15.0,0,6,FAIL,Pune,MEDIUM
S70,Rohan,15.0,MALE,BCom,FY,100.0,30.0,45.0,15.0,12,15,FAIL,Mumbai,LOW
S71,Pooja,25.0,MALE,BBA,SY,100.0,30.0,37.0,15.0,0,15,FAIL,Nashik,MEDIUM
S72,Neha,25.0,FEMALE,BSc,SY,100.0,27.0,43.0,15.0,9,3,PASS,Nashik,LOW
S73,Rohan,25.0,FEMALE,BSc,TY,98.0,24.0,49.0,16.0,0,8,PASS,Pune,MEDIUM
S74,Rohan,25.0,FEMALE,BSc,SY,100.0,21.0,45.0,20.0,12,7,PASS,Nashik,LOW
S75,Saanvi,15.0,FEMALE,BBA,SY,100.0,31.0,45.0,12.0,12,2,FAIL,Mumbai,LOW
S76,Pooja,22.0,FEMALE,BSc,SY,60.0,30.0,45.0,15.0,12,5,FAIL,Nashik,LOW
S77,Neha,25.0,MALE,BCA,SY,100.0,22.0,53.0,20.0,12,15,FAIL,Nashik,MEDIUM
S78,Rohan,25.0,FEMALE,BSc,FY,98.0,30.0,45.0,14.0,12,6,FAIL,Pune,LOW
S79,Neha,25.0,MALE,BA,FY,96.0,30.0,57.0,13.0,12,15,FAIL,Mumbai,MEDIUM
S80,Pooja,15.0,FEMALE,BSc,FY,89.0,30.0,34.0,15.0,12,2,PASS,Nashik,LOW
S81,Neha,15.0,FEMALE,BSc,FY,100.0,30.0,45.0,19.0,12,15,PASS,Pune,LOW
S82,Isha,22.0,FEMALE,BSc,FY,100.0,30.0,45.0,15.0,12,15,FAIL,Pune,LOW
S83,Aditya,25.0,FEMALE,BCom,SY,100.0,30.0,47.0,15.0,0,3,PASS,Nashik,MEDIUM
S84,Saanvi,15.0,MALE,BBA,SY,61.0,37.0,50.0,15.0,0,15,FAIL,Nashik,MEDIUM
S85,Vihaan,25.0,MALE,BCom,FY,98.0,30.0,32.0,15.0,0,3,PASS,Pune,MEDIUM
S86,Isha,25.0,MALE,BSc,TY,100.0,30.0,44.0,15.0,9,4,FAIL,Nashik,LOW
S87,Isha,25.0,FEMALE,BSc,TY,90.0,32.0,45.0,20.0,12,4,FAIL,Pune,LOW
S88,Aditya,25.0,FEMALE,BSc,SY,98.0,40.0,43.0,15.0,0,1,FAIL,Pune,MEDIUM
S89,Rohan,15.0,MALE,BCom,TY,60.0,24.0,50.0,16.0,0,7,FAIL,Mumbai,MEDIUM
S90,Saanvi,25.0,MALE,BSc,FY,75.0,35.0,45.0,11.0,12,7,FAIL,Pune,LOW
S91,Karan,15.0,MALE,BCA,FY,86.0,27.0,45.0,11.0,12,7,FAIL,Pune,MEDIUM
S92,Neha,15.0,MALE,BBA,TY,98.0,30.0,59.0,16.0,0,3,FAIL,Nashik,MEDIUM
S93,Karan,25.0,FEMALE,BCom,FY,100.0,30.0,31.0,15.0,0,15,FAIL,Pune,MEDIUM
S94,Saanvi,15.0,MALE,BA,FY,100.0,30.0,45.0,18.0,12,15,PASS,Nashik,LOW
S95,Pooja,25.0,MALE,BCom,FY,98.0,30.0,47.0,15.0,0,15,PASS,Pune,MEDIUM
S96,Anaya,25.0,MALE,BSc,SY,98.0,20.0,45.0,15.0,7,7,PASS,Mumbai,LOW
S97,Vihaan,25.0,MALE,BCA,FY,98.0,31.0,34.0,15.0,12,15,FAIL,Mumbai,LOW
S98,Karan,15.0,FEMALE,BBA,FY,98.0,30.0,45.0,15.0,0,15,PASS,Nashik,MEDIUM
S99,Pooja,25.0,MALE,BCA,FY,98.0,20.0,45.0,15.0,0,6,PASS,Pune,MEDIUM
S100,Pooja,25.0,MALE,BA,TY,100.0,24.0,59.0,16.0,0,6,PASS,Pune,MEDIUM
S101,Saanvi,25.0,FEMALE,BBA,FY,100.0,30.0,45.0,15.0,0,6,PASS,Pune,MEDIUM
S102,Aarav,15.0,FEMALE,BCA,FY,98.0,20.0,47.0,17.0,12,2,FAIL,Mumbai,LOW
S103,Rohan,25.0,MALE,BSc,SY,70.0,30.0,45.0,11.0,0,15,FAIL,Nashik,HIGH
S104,Aarav,25.0,MALE,BCA,FY,98.0,36.0,45.0,15.0,0,8,FAIL,Pune,MEDIUM
S105,Aditya,25.0,FEMALE,BSc,FY,100.0,30.0,55.0,15.0,12,5,PASS,Nashik,LOW
S106,Saanvi,25.0,FEMALE,BCA,SY,100.0,27.0,45.0,18.0,0,15,PASS,Mumbai,MEDIUM
S107,Isha,17.0,MALE,BSc,FY,100.0,30.0,43.0,15.0,12,15,PASS,Pune,LOW
S108,Anaya,25.0,MALE,BBA,SY,98.0,30.0,45.0,20.0,12,15,PASS,Pune,LOW
S109,Rohan,17.0,MALE,BCom,FY,100.0,30.0,35.0,15.0,12,15,PASS,Pune,LOW
S110,Pooja,17.0,MALE,BBA,FY,68.0,30.0,45.0,16.0,12,15,PASS,Nashik,MEDIUM
S111,Aditya,23.0,FEMALE,BBA,SY,94.0,28.0,45.0,15.0,12,6,FAIL,Nashik,LOW
S112,Karan,15.0,MALE,BBA,SY,100.0,34.0,54.0,19.0,0,7,FAIL,Nashik,MEDIUM
S113,Saanvi,25.0,FEMALE,BCom,SY,81.0,21.0,45.0,13.0,12,8,FAIL,Nashik,MEDIUM
S114,Karan,15.0,MALE,BCom,SY,98.0,30.0,51.0,15.0,12,3,FAIL,Nashik,LOW
S115,Pooja,25.0,FEMALE,BBA,FY,85.0,33.0,45.0,18.0,12,15,PASS,Nashik,LOW
S116,Isha,20.0,FEMALE,BBA,FY,100.0,30.0,31.0,14.0,12,5,FAIL,Nashik,LOW
S117,Rohan,15.0,MALE,BCom,TY,100.0,37.0,35.0,15.0,12,15,PASS,Nashik,LOW
S118,Karan,25.0,MALE,BCom,FY,100.0,23.0,45.0,15.0,12,8,PASS,Nashik,LOW
S119,Neha,25.0,MALE,BSc,FY,98.0,30.0,40.0,15.0,9,1,PASS,Nashik,LOW
S120,Saanvi,20.0,FEMALE,BBA,TY,100.0,30.0,59.0,19.0,0,6,PASS,Mumbai,MEDIUM
S121,Neha,25.0,FEMALE,BCom,FY,79.0,30.0,45.0,16.0,12,15,FAIL,Nashik,LOW
S122,Vihaan,25.0,MALE,BBA,TY,82.0,30.0,48.0,14.0,0,4,PASS,Nashik,MEDIUM
S123,Pooja,15.0,MALE,BBA,FY,51.0,38.0,53.0,15.0,12,8,PASS,Nashik,MEDIUM
S124,Neha,25.0,FEMALE,BA,SY,100.0,30.0,45.0,15.0,12,15,FAIL,Nashik,LOW
S125,Aditya,25.0,FEMALE,BCA,FY,100.0,30.0,45.0,15.0,12,15,FAIL,Mumbai,LOW
S126,Rohan,25.0,MALE,BSc,TY,98.0,31.0,45.0,17.0,12,15,FAIL,Nashik,LOW
S127,Karan,23.0,MALE,BSc,SY,98.0,30.0,54.0,10.0,12,2,PASS,Mumbai,LOW
S128,Karan,15.0,MALE,BCom,SY,100.0,39.0,45.0,15.0,0,15,FAIL,Nashik,MEDIUM
S129,Anaya,25.0,FEMALE,BCA,TY,87.0,30.0,38.0,15.0,12,15,PASS,Pune,LOW
S130,Vihaan,15.0,MALE,BBA,SY,100.0,30.0,45.0,15.0,12,8,PASS,Pune,LOW
S131,Aditya,25.0,MALE,BSc,FY,98.0,30.0,45.0,15.0,0,15,FAIL,Pune,MEDIUM
S132,Neha,25.0,MALE,BCom,FY,98.0,30.0,45.0,15.0,0,4,PASS,Mumbai,MEDIUM
S133,Isha,25.0,FEMALE,BBA,FY,98.0,33.0,54.0,15.0,12,2,FAIL,Nashik,LOW
S134,Vihaan,15.0,FEMALE,BA,SY,100.0,22.0,33.0,18.0,12,15,PASS,Pune,MEDIUM
S135,Rohan,25.0,FEMALE,BSc,TY,98.0,30.0,45.0,12.0,12,15,FAIL,Nashik,MEDIUM
S136,Anaya,15.0,MALE,BBA,SY,100.0,34.0,45.0,10.0,12,15,FAIL,Mumbai,MEDIUM
S137,Vihaan,25.0,FEMALE,BCom,FY,99.0,30.0,59.0,15.0,12,15,FAIL,Mumbai,LOW
S138,Aditya,17.0,MALE,BSc,SY,82.0,30.0,45.0,15.0,12,15,PASS,Mumbai,LOW
S139,Aditya,21.0,FEMALE,BA,FY,100.0,30.0,45.0,15.0,0,3,FAIL,Nashik,MEDIUM
S140,Saanvi,25.0,FEMALE,BCA,SY,54.0,37.0,45.0,18.0,7,15,FAIL,Pune,MEDIUM
S141,Isha,17.0,MALE,BA,SY,98.0,27.0,60.0,15.0,12,7,PASS,Pune,LOW
S142,Neha,15.0,FEMALE,BCA,FY,97.0,30.0,45.0,10.0,6,15,FAIL,Nashik,MEDIUM
S143,Pooja,15.0,FEMALE,BA,SY,98.0,34.0,45.0,15.0,12,7,PASS,Mumbai,LOW
S144,Aarav,21.0,FEMALE,BA,SY,100.0,30.0,45.0,20.0,12,15,FAIL,Pune,LOW
S145,Vihaan,25.0,FEMALE,BSc,SY,98.0,30.0,47.0,15.0,12,15,FAIL,Pune,LOW
S146,Rohan,25.0,FEMALE,BSc,SY,100.0,30.0,45.0,15.0,12,15,FAIL,Pune,LOW
S147,Aarav,21.0,MALE,BBA,FY,98.0,21.0,45.0,18.0,12,15,PASS,Pune,MEDIUM
S148,Neha,25.0,FEMALE,BBA,FY,100.0,36.0,45.0,15.0,12,1,PASS,Nashik,LOW
S149,Aarav,25.0,FEMALE,BBA,TY,100.0,37.0,49.0,15.0,12,1,PASS,Nashik,LOW
S150,Aditya,25.0,FEMALE,BSc,TY,98.0,38.0,45.0,15.0,0,6,FAIL,Nashik,MEDIUM
S151,Vihaan,15.0,MALE,BSc,SY,98.0,33.0,41.0,14.0,12,2,FAIL,Nashik,LOW
S152,Rohan,15.0,MALE,BA,TY,98.0,30.0,45.0,15.0,0,15,FAIL,Nashik,MEDIUM
S153,Karan,25.0,FEMALE,BBA,SY,100.0,30.0,45.0,15.0,12,2,FAIL,Pune,LOW
S154,Vihaan,25.0,MALE,BA,SY,80.0,24.0,45.0,15.0,12,6,FAIL,Pune,LOW
S155,Karan,25.0,MALE,BBA,FY,98.0,30.0,46.0,14.0,12,15,PASS,Mumbai,MEDIUM
S156,Aditya,25.0,FEMALE,BBA,SY,52.0,30.0,45.0,15.0,12,6,FAIL,Nashik,MEDIUM
S157,Isha,25.0,FEMALE,BBA,SY,62.0,33.0,36.0,15.0,12,15,PASS,Mumbai,MEDIUM
S158,Rohan,15.0,FEMALE,BA,FY,98.0,20.0,54.0,19.0,12,15,FAIL,Mumbai,MEDIUM
S159,Vihaan,15.0,FEMALE,BCA,SY,52.0,39.0,39.0,15.0,0,15,PASS,Nashik,HIGH
S160,Vihaan,25.0,MALE,BCA,FY,59.0,35.0,53.0,14.0,0,2,FAIL,Nashik,HIGH
S161,Vihaan,25.0,FEMALE,BBA,SY,100.0,30.0,45.0,13.0,12,15,FAIL,Pune,MEDIUM
S162,Saanvi,23.0,MALE,BBA,SY,74.0,22.0,58.0,15.0,12,4,FAIL,Mumbai,MEDIUM
S163,Karan,15.0,MALE,BBA,FY,98.0,21.0,50.0,16.0,12,6,FAIL,Nashik,LOW
S164,Vihaan,25.0,MALE,BCom,FY,98.0,30.0,45.0,15.0,0,15,FAIL,Nashik,MEDIUM
S165,Karan,25.0,MALE,BSc,FY,98.0,30.0,39.0,15.0,12,4,FAIL,Mumbai,LOW
S166,Vihaan,17.0,FEMALE,BBA,FY,100.0,30.0,45.0,15.0,0,15,FAIL,Pune,MEDIUM
S167,Aarav,25.0,FEMALE,BCom,SY,100.0,30.0,46.0,15.0,6,15,FAIL,Nashik,LOW
S168,Aarav,15.0,FEMALE,BBA,TY,100.0,30.0,45.0,15.0,12,1,FAIL,Nashik,LOW
S169,Pooja,23.0,MALE,BCom,TY,100.0,30.0,45.0,15.0,0,15,FAIL,Mumbai,MEDIUM
S170,Saanvi,25.0,FEMALE,BBA,FY,96.0,30.0,45.0,15.0,12,15,FAIL,Nashik,LOW
S171,Saanvi,25.0,MALE,BCom,SY,98.0,24.0,60.0,15.0,0,15,PASS,Pune,MEDIUM
S172,Aditya,25.0,MALE,BSc,SY,68.0,30.0,45.0,14.0,2,15,FAIL,Mumbai,MEDIUM
S173,Aditya,25.0,FEMALE,BBA,FY,64.0,28.0,45.0,15.0,0,15,FAIL,Pune,HIGH
S174,Rohan,25.0,MALE,BCA,SY,100.0,30.0,48.0,15.0,12,7,FAIL,Mumbai,LOW
S175,Vihaan,25.0,MALE,BSc,SY,98.0,30.0,47.0,15.0,12,15,PASS,Mumbai,LOW
S176,Vihaan,25.0,FEMALE,BA,SY,100.0,29.0,32.0,11.0,12,5,FAIL,Nashik,MEDIUM
S177,Anaya,24.0,FEMALE,BSc,SY,100.0,30.0,38.0,15.0,12,5,PASS,Pune,LOW
S178,Rohan,25.0,FEMALE,BA,TY,53.0,30.0,45.0,18.0,0,15,FAIL,Mumbai,HIGH
S179,Neha,15.0,FEMALE,BSc,SY,80.0,30.0,45.0,17.0,0,15,PASS,Pune,MEDIUM
S180,Vihaan,25.0,MALE,BA,SY,88.0,30.0,31.0,15.0,12,15,PASS,Pune,LOW
S181,Aarav,20.0,FEMALE,BCom,TY,100.0,34.0,48.0,19.0,12,2,FAIL,Nashik,LOW
S182,Neha,15.0,MALE,BCA,TY,100.0,30.0,31.0,15.0,6,8,FAIL,Pune,LOW
S183,Aarav,15.0,MALE,BCom,FY,67.0,30.0,43.0,15.0,12,6,FAIL,Pune,LOW
S184,Rohan,25.0,FEMALE,BBA,FY,75.0,30.0,45.0,18.0,0,2,FAIL,Nashik,MEDIUM
S185,Karan,25.0,FEMALE,BA,TY,100.0,30.0,45.0,15.0,12,3,FAIL,Pune,LOW
S186,Vihaan,25.0,FEMALE,BCom,FY,100.0,32.0,45.0,15.0,12,15,FAIL,Mumbai,LOW
S187,Neha,15.0,MALE,BBA,FY,100.0,30.0,51.0,17.0,0,5,FAIL,Pune,MEDIUM
S188,Aditya,15.0,MALE,BBA,FY,100.0,30.0,42.0,15.0,0,6,FAIL,Pune,MEDIUM
S189,Vihaan,25.0,MALE,BBA,TY,100.0,24.0,34.0,15.0,0,15,FAIL,Pune,MEDIUM
S190,Karan,17.0,FEMALE,BCA,TY,100.0,30.0,45.0,15.0,12,15,FAIL,Pune,LOW
S191,Isha,25.0,MALE,BCA,FY,98.0,30.0,45.0,15.0,0,8,PASS,Pune,MEDIUM
S192,Isha,25.0,MALE,BSc,SY,100.0,30.0,45.0,16.0,12,7,PASS,Pune,LOW
S193,Anaya,25.0,FEMALE,BSc,SY,98.0,30.0,45.0,15.0,1,15,FAIL,Nashik,MEDIUM
S194,Anaya,21.0,MALE,BA,TY,67.0,30.0,45.0,17.0,8,15,FAIL,Nashik,MEDIUM
S195,Rohan,15.0,MALE,BCA,FY,87.0,30.0,52.0,15.0,0,8,FAIL,Nashik,MEDIUM
S196,Isha,25.0,MALE,BBA,SY,59.0,35.0,41.0,17.0,12,1,PASS,Nashik,MEDIUM
S197,Isha,15.0,MALE,BSc,TY,65.0,24.0,38.0,17.0,12,15,FAIL,Nashik,MEDIUM
S198,Aditya,19.0,MALE,BBA,TY,98.0,30.0,45.0,19.0,12,4,FAIL,Pune,LOW
S199,Pooja,25.0,MALE,BCA,SY,100.0,30.0,42.0,19.0,12,5,PASS,Mumbai,LOW
S200,Anaya,20.0,FEMALE,BCom,SY,100.0,30.0,45.0,10.0,12,15,FAIL,Nashik,MEDIUM
S201,Anaya,25.0,MALE,BCA,TY,100.0,21.0,45.0,15.0,0,15,PASS,Nashik,MEDIUM
S202,Neha,15.0,MALE,BA,SY,98.0,30.0,49.0,20.0,0,3,FAIL,Nashik,MEDIUM
S203,Aarav,15.0,MALE,BBA,TY,100.0,30.0,45.0,15.0,12,15,PASS,Nashik,LOW
S204,Rohan,25.0,MALE,BCA,TY,100.0,30.0,45.0,12.0,0,15,FAIL,Mumbai,MEDIUM
S205,Aarav,25.0,FEMALE,BSc,SY,76.0,33.0,45.0,19.0,12,2,FAIL,Nashik,LOW
S206,Saanvi,25.0,FEMALE,BCA,FY,100.0,30.0,59.0,15.0,12,15,PASS,Pune,LOW
S207,Vihaan,15.0,FEMALE,BSc,FY,89.0,30.0,45.0,15.0,12,15,PASS,Mumbai,LOW
S208,Aarav,15.0,FEMALE,BSc,SY,100.0,30.0,45.0,15.0,12,15,PASS,Mumbai,LOW
S209,Isha,25.0,FEMALE,BBA,TY,60.0,30.0,45.0,15.0,0,15,PASS,Pune,MEDIUM
S210,Aarav,17.0,FEMALE,BSc,TY,63.0,30.0,40.0,19.0,12,5,PASS,Pune,LOW
S211,Isha,25.0,MALE,BA,TY,50.0,30.0,45.0,13.0,0,8,PASS,Pune,HIGH
S212,Isha,25.0,FEMALE,BCA,FY,92.0,30.0,45.0,14.0,0,8,PASS,Pune,MEDIUM
S213,Rohan,25.0,MALE,BCom,FY,93.0,34.0,45.0,15.0,8,15,FAIL,Pune,LOW
S214,Aarav,25.0,FEMALE,BA,SY,100.0,21.0,38.0,15.0,8,15,FAIL,Mumbai,MEDIUM
S215,Isha,25.0,MALE,BCA,SY,100.0,30.0,45.0,15.0,0,4,FAIL,Pune,MEDIUM
S216,Aditya,17.0,FEMALE,BBA,SY,100.0,30.0,48.0,18.0,0,15,PASS,Mumbai,MEDIUM
S217,Pooja,25.0,MALE,BCom,FY,100.0,21.0,45.0,18.0,12,4,FAIL,Mumbai,LOW
S218,Isha,15.0,FEMALE,BCA,SY,62.0,30.0,48.0,16.0,0,2,PASS,Pune,MEDIUM
S219,Aditya,25.0,MALE,BCom,FY,98.0,30.0,45.0,10.0,12,15,FAIL,Nashik,MEDIUM
S220,Vihaan,25.0,MALE,BCA,FY,98.0,25.0,45.0,15.0,12,15,PASS,Pune,MEDIUM
S221,Neha,25.0,FEMALE,BCA,FY,100.0,30.0,56.0,15.0,12,2,FAIL,Mumbai,LOW
S222,Pooja,25.0,FEMALE,BCA,SY,98.0,30.0,31.0,15.0,11,1,PASS,Pune,LOW
S223,Saanvi,17.0,MALE,BA,FY,98.0,30.0,44.0,15.0,12,15,PASS,Pune,LOW
S224,Rohan,15.0,FEMALE,BCA,FY,98.0,34.0,45.0,15.0,12,15,PASS,Pune,LOW
S225,Pooja,15.0,MALE,BA,FY,98.0,22.0,30.0,15.0,12,15,FAIL,Nashik,MEDIUM
S226,Rohan,25.0,FEMALE,BCA,TY,66.0,30.0,45.0,10.0,0,6,PASS,Pune,MEDIUM
S227,Vihaan,25.0,FEMALE,BCA,SY,99.0,30.0,35.0,15.0,0,1,PASS,Pune,MEDIUM
S228,Neha,17.0,FEMALE,BCA,TY,81.0,40.0,45.0,14.0,0,15,PASS,Mumbai,MEDIUM
S229,Aditya,25.0,FEMALE,BSc,FY,98.0,30.0,47.0,15.0,0,15,PASS,Pune,MEDIUM
S230,Isha,25.0,MALE,BCom,SY,90.0,30.0,55.0,15.0,0,15,PASS,Nashik,MEDIUM
S231,Isha,25.0,MALE,BBA,SY,81.0,30.0,44.0,15.0,12,5,FAIL,Pune,LOW
S232,Karan,15.0,FEMALE,BSc,TY,98.0,20.0,42.0,15.0,12,15,PASS,Nashik,MEDIUM
S233,Aarav,15.0,MALE,BCom,FY,100.0,30.0,45.0,12.0,12,5,PASS,Mumbai,LOW
S234,Rohan,25.0,FEMALE,BCom,FY,98.0,21.0,45.0,15.0,0,8,PASS,Pune,MEDIUM
S235,Aditya,19.0,FEMALE,BSc,TY,53.0,30.0,45.0,17.0,12,15,PASS,Nashik,MEDIUM
S236,Pooja,15.0,FEMALE,BA,TY,78.0,35.0,33.0,17.0,12,6,PASS,Pune,LOW
S237,Isha,15.0,MALE,BSc,SY,100.0,21.0,45.0,19.0,12,6,PASS,Nashik,LOW
S238,Saanvi,15.0,MALE,BSc,TY,90.0,30.0,45.0,20.0,0,15,PASS,Pune,MEDIUM
S239,Vihaan,25.0,FEMALE,BCA,FY,100.0,30.0,36.0,15.0,12,15,PASS,Pune,LOW
S240,Vihaan,25.0,FEMALE,BSc,FY,67.0,37.0,33.0,15.0,12,15,FAIL,Pune,MEDIUM
S241,Karan,25.0,MALE,BCom,SY,100.0,30.0,44.0,12.0,0,5,PASS,Mumbai,MEDIUM
S242,Karan,25.0,MALE,BSc,TY,98.0,20.0,45.0,15.0,12,6,PASS,Nashik,LOW
S243,Aarav,18.0,FEMALE,BBA,SY,100.0,30.0,45.0,11.0,12,5,FAIL,Pune,LOW
S244,Aditya,15.0,FEMALE,BCom,FY,100.0,32.0,31.0,15.0,0,3,PASS,Nashik,MEDIUM
S245,Aarav,25.0,FEMALE,BSc,FY,100.0,30.0,45.0,15.0,12,8,FAIL,Pune,LOW
S246,Aditya,21.0,MALE,BA,TY,59.0,30.0,45.0,15.0,0,15,PASS,Mumbai,HIGH
S247,Isha,15.0,FEMALE,BSc,SY,94.0,30.0,45.0,15.0,12,15,PASS,Pune,LOW
S248,Neha,25.0,MALE,BCom,FY,100.0,25.0,45.0,15.0,12,5,FAIL,Pune,LOW
S249,Saanvi,15.0,MALE,BCA,FY,86.0,30.0,37.0,15.0,0,15,PASS,Mumbai,MEDIUM
S250,Neha,25.0,MALE,BCom,FY,98.0,30.0,45.0,17.0,12,6,FAIL,Pune,LOW
S251,Aarav,25.0,MALE,BA,SY,59.0,30.0,51.0,15.0,12,15,PASS,Nashik,MEDIUM
S252,Saanvi,25.0,FEMALE,BSc,TY,98.0,30.0,39.0,15.0,4,2,PASS,Mumbai,LOW
S253,Neha,25.0,MALE,BSc,SY,65.0,26.0,47.0,15.0,12,2,FAIL,Pune,MEDIUM
S254,Aditya,15.0,FEMALE,BCom,FY,98.0,35.0,42.0,13.0,12,5,FAIL,Nashik,LOW
S255,Karan,15.0,MALE,BA,FY,91.0,29.0,45.0,20.0,0,15,FAIL,Pune,MEDIUM
S256,Pooja,15.0,FEMALE,BCA,SY,100.0,33.0,32.0,13.0,12,4,PASS,Mumbai,LOW
S257,Karan,15.0,FEMALE,BA,SY,67.0,37.0,37.0,19.0,8,15,PASS,Pune,MEDIUM
S258,Anaya,25.0,MALE,BCA,FY,98.0,29.0,52.0,11.0,12,2,FAIL,Pune,MEDIUM
S259,Anaya,25.0,FEMALE,BCom,SY,98.0,28.0,49.0,15.0,12,4,PASS,Nashik,LOW
S260,Pooja,25.0,FEMALE,BCA,SY,56.0,30.0,51.0,15.0,12,15,FAIL,Pune,MEDIUM
S261,Saanvi,25.0,MALE,BA,SY,91.0,32.0,45.0,15.0,0,15,FAIL,Pune,MEDIUM
S262,Aarav,25.0,FEMALE,BSc,TY,88.0,30.0,58.0,15.0,12,7,PASS,Pune,LOW
S263,Saanvi,25.0,MALE,BA,TY,68.0,26.0,45.0,15.0,0,5,FAIL,Pune,MEDIUM
S264,Karan,15.0,FEMALE,BA,TY,98.0,31.0,45.0,14.0,12,5,PASS,Nashik,LOW
S265,Karan,25.0,FEMALE,BCA,FY,98.0,39.0,33.0,15.0,10,2,FAIL,Pune,LOW
S266,Aditya,25.0,FEMALE,BA,TY,69.0,30.0,47.0,15.0,12,15,FAIL,Nashik,MEDIUM
S267,Isha,25.0,FEMALE,BSc,TY,63.0,30.0,45.0,15.0,0,8,PASS,Mumbai,MEDIUM
S268,Rohan,17.0,MALE,BBA,SY,100.0,39.0,41.0,19.0,12,8,FAIL,Pune,LOW
S269,Aarav,15.0,FEMALE,BCA,SY,100.0,20.0,45.0,17.0,12,5,FAIL,Mumbai,LOW
S270,Aditya,25.0,FEMALE,BCom,FY,100.0,30.0,45.0,19.0,10,2,PASS,Nashik,LOW
S271,Isha,24.0,FEMALE,BCom,FY,100.0,30.0,35.0,15.0,0,15,FAIL,Pune,MEDIUM
S272,Aarav,15.0,MALE,BCA,FY,100.0,23.0,34.0,15.0,2,15,PASS,Nashik,MEDIUM
S273,Anaya,25.0,MALE,BA,FY,100.0,30.0,31.0,13.0,12,15,PASS,Pune,MEDIUM
S274,Saanvi,25.0,MALE,BCA,SY,98.0,30.0,45.0,15.0,12,15,PASS,Pune,LOW
S275,Pooja,25.0,MALE,BCom,FY,98.0,30.0,55.0,15.0,0,8,PASS,Mumbai,MEDIUM
S276,Neha,20.0,MALE,BSc,TY,98.0,30.0,34.0,16.0,0,1,FAIL,Mumbai,MEDIUM
S277,Vihaan,25.0,MALE,BCom,FY,87.0,36.0,45.0,15.0,12,15,PASS,Nashik,LOW
S278,Pooja,15.0,FEMALE,BCom,FY,50.0,30.0,38.0,11.0,12,15,FAIL,Nashik,MEDIUM
S279,Aditya,22.0,FEMALE,BSc,TY,100.0,22.0,45.0,15.0,0,15,PASS,Pune,MEDIUM
S280,Isha,25.0,MALE,BA,SY,86.0,37.0,40.0,15.0,12,8,FAIL,Mumbai,LOW
S281,Pooja,24.0,MALE,BBA,TY,98.0,30.0,45.0,15.0,12,15,PASS,Pune,LOW
S282,Pooja,21.0,FEMALE,BBA,SY,98.0,36.0,58.0,12.0,0,5,FAIL,Pune,MEDIUM
S283,Neha,21.0,FEMALE,BSc,TY,98.0,28.0,43.0,15.0,12,1,FAIL,Nashik,LOW
S284,Isha,15.0,MALE,BCom,FY,100.0,30.0,45.0,15.0,12,15,FAIL,Nashik,LOW
S285,Aditya,20.0,FEMALE,BA,FY,65.0,35.0,45.0,15.0,12,5,PASS,Nashik,LOW
S286,Karan,22.0,FEMALE,BCA,SY,100.0,30.0,58.0,15.0,0,15,PASS,Nashik,MEDIUM
S287,Aditya,25.0,MALE,BBA,SY,100.0,30.0,45.0,15.0,12,15,FAIL,Nashik,LOW
S288,Rohan,25.0,MALE,BCA,FY,90.0,30.0,45.0,15.0,12,15,PASS,Pune,LOW
S289,Neha,25.0,MALE,BBA,SY,100.0,30.0,46.0,14.0,12,15,FAIL,Nashik,MEDIUM
S290,Isha,25.0,FEMALE,BSc,TY,68.0,34.0,45.0,15.0,0,15,FAIL,Mumbai,MEDIUM
S291,Aditya,25.0,FEMALE,BSc,FY,69.0,30.0,45.0,18.0,12,1,FAIL,Nashik,LOW
S292,Neha,25.0,FEMALE,BA,SY,100.0,20.0,53.0,15.0,12,15,PASS,Nashik,MEDIUM
S293,Vihaan,15.0,FEMALE,BBA,FY,100.0,30.0,45.0,15.0,0,1,PASS,Nashik,MEDIUM
S294,Pooja,25.0,MALE,BBA,TY,98.0,30.0,45.0,19.0,12,6,FAIL,Pune,LOW
S295,Aarav,15.0,FEMALE,BBA,TY,92.0,30.0,58.0,12.0,12,7,FAIL,Nashik,LOW
S296,Rohan,25.0,FEMALE,BA,SY,81.0,30.0,45.0,15.0,12,2,FAIL,Mumbai,LOW
S297,Pooja,19.0,MALE,BBA,SY,57.0,30.0,45.0,14.0,12,3,FAIL,Mumbai,MEDIUM
S298,Aarav,25.0,FEMALE,BCom,FY,100.0,30.0,30.0,12.0,12,15,PASS,Pune,MEDIUM
S299,Anaya,25.0,MALE,BCA,FY,98.0,36.0,45.0,15.0,0,15,PASS,Mumbai,MEDIUM
S300,Isha,25.0,MALE,BCom,FY,100.0,36.0,50.0,15.0,12,15,PASS,Nashik,LOW
S301,Karan,15.0,FEMALE,BCA,TY,100.0,37.0,45.0,15.0,12,15,PASS,Nashik,LOW
S302,Aditya,25.0,FEMALE,BSc,SY,100.0,21.0,45.0,15.0,0,15,PASS,Pune,MEDIUM
S303,Isha,15.0,MALE,BBA,FY,98.0,30.0,38.0,16.0,12,15,PASS,Nashik,LOW
S304,Vihaan,25.0,FEMALE,BSc,FY,98.0,30.0,58.0,17.0,0,2,FAIL,Nashik,MEDIUM
S305,Karan,19.0,MALE,BA,FY,98.0,26.0,43.0,11.0,12,5,PASS,Pune,MEDIUM
S306,Neha,25.0,MALE,BSc,SY,98.0,30.0,45.0,15.0,12,15,FAIL,Nashik,LOW
S307,Pooja,25.0,FEMALE,BSc,SY,100.0,31.0,35.0,11.0,0,15,PASS,Nashik,MEDIUM
S308,Neha,19.0,FEMALE,BBA,SY,98.0,30.0,45.0,15.0,12,6,FAIL,Pune,LOW
S309,Anaya,24.0,FEMALE,BSc,SY,100.0,36.0,45.0,15.0,12,4,FAIL,Pune,LOW
S310,Aarav,25.0,FEMALE,BSc,SY,100.0,30.0,30.0,15.0,12,15,FAIL,Pune,LOW
S311,Rohan,15.0,MALE,BSc,SY,64.0,32.0,45.0,15.0,12,15,PASS,Pune,MEDIUM
S312,Neha,25.0,FEMALE,BCom,FY,98.0,30.0,56.0,15.0,12,15,FAIL,Nashik,LOW
S313,Isha,18.0,MALE,BA,SY,98.0,30.0,42.0,15.0,0,5,FAIL,Nashik,MEDIUM
S314,Saanvi,25.0,FEMALE,BSc,FY,98.0,30.0,45.0,19.0,12,4,FAIL,Nashik,LOW
S315,Saanvi,15.0,FEMALE,BCA,SY,98.0,30.0,45.0,16.0,0,15,FAIL,Pune,MEDIUM
S316,Vihaan,15.0,MALE,BCA,FY,98.0,27.0,52.0,18.0,12,15,FAIL,Nashik,MEDIUM
S317,Anaya,25.0,FEMALE,BA,FY,98.0,30.0,41.0,15.0,0,15,FAIL,Pune,MEDIUM
S318,Karan,25.0,FEMALE,BCA,SY,100.0,23.0,45.0,15.0,12,6,PASS,Mumbai,LOW
S319,Aarav,22.0,FEMALE,BA,SY,98.0,30.0,31.0,15.0,12,7,FAIL,Mumbai,LOW
S320,Karan,25.0,FEMALE,BCA,SY,65.0,30.0,42.0,15.0,1,1,FAIL,Nashik,MEDIUM
S321,Rohan,17.0,FEMALE,BSc,FY,86.0,37.0,56.0,16.0,0,15,FAIL,Nashik,MEDIUM
S322,Aarav,25.0,FEMALE,BCA,TY,100.0,30.0,45.0,15.0,0,15,FAIL,Nashik,MEDIUM
S323,Rohan,20.0,FEMALE,BCom,FY,98.0,30.0,45.0,16.0,12,1,FAIL,Pune,LOW
S324,Aditya,20.0,MALE,BSc,FY,69.0,30.0,34.0,12.0,12,15,PASS,Pune,MEDIUM
S325,Neha,15.0,FEMALE,BCom,FY,98.0,30.0,45.0,15.0,0,15,PASS,Nashik,MEDIUM
S326,Aditya,22.0,MALE,BBA,SY,98.0,32.0,31.0,11.0,12,15,PASS,Mumbai,MEDIUM
S327,Isha,15.0,MALE,BCom,TY,100.0,38.0,45.0,17.0,8,15,FAIL,Nashik,LOW
S328,Rohan,25.0,MALE,BSc,FY,55.0,30.0,54.0,13.0,12,3,PASS,Pune,MEDIUM
S329,Neha,25.0,FEMALE,BCom,TY,97.0,30.0,45.0,15.0,12,8,PASS,Pune,LOW
S330,Karan,18.0,MALE,BSc,SY,100.0,25.0,30.0,15.0,0,15,PASS,Pune,MEDIUM
S331,Neha,25.0,MALE,BCA,FY,68.0,30.0,45.0,15.0,9,15,FAIL,Mumbai,MEDIUM
S332,Vihaan,25.0,MALE,BSc,FY,98.0,38.0,45.0,16.0,10,15,FAIL,Nashik,LOW
S333,Vihaan,18.0,MALE,BA,SY,98.0,22.0,45.0,15.0,12,6,FAIL,Nashik,LOW
S334,Aarav,19.0,FEMALE,BSc,SY,93.0,36.0,58.0,11.0,12,8,FAIL,Pune,LOW
S335,Rohan,25.0,FEMALE,BCom,FY,98.0,30.0,32.0,15.0,12,7,PASS,Pune,LOW
S336,Pooja,15.0,FEMALE,BBA,SY,98.0,36.0,31.0,15.0,12,7,FAIL,Pune,LOW
S337,Vihaan,17.0,FEMALE,BCom,SY,80.0,30.0,45.0,13.0,12,6,PASS,Pune,LOW
S338,Aarav,25.0,MALE,BA,SY,100.0,30.0,54.0,15.0,0,2,PASS,Pune,MEDIUM
S339,Pooja,25.0,FEMALE,BSc,FY,98.0,30.0,45.0,15.0,8,15,PASS,Pune,LOW
S340,Aarav,25.0,MALE,BBA,SY,84.0,30.0,45.0,15.0,12,2,PASS,Pune,LOW
S341,Vihaan,24.0,MALE,BCA,FY,100.0,30.0,45.0,15.0,12,4,PASS,Mumbai,LOW
S342,Aditya,15.0,MALE,BSc,FY,100.0,24.0,45.0,20.0,0,15,PASS,Pune,MEDIUM
S343,Isha,23.0,FEMALE,BCA,FY,100.0,30.0,45.0,13.0,0,7,FAIL,Nashik,MEDIUM
S344,Saanvi,25.0,MALE,BCom,SY,98.0,30.0,57.0,19.0,0,15,FAIL,Pune,MEDIUM
S345,Aditya,25.0,FEMALE,BCom,SY,98.0,30.0,52.0,15.0,0,15,PASS,Mumbai,MEDIUM
S346,Anaya,15.0,MALE,BCom,FY,98.0,30.0,45.0,16.0,12,15,FAIL,Nashik,LOW
S347,Aditya,15.0,MALE,BSc,SY,76.0,33.0,33.0,11.0,12,15,FAIL,Mumbai,MEDIUM
S348,Pooja,19.0,MALE,BA,FY,98.0,30.0,45.0,15.0,12,2,PASS,Pune,LOW
S349,Vihaan,21.0,MALE,BSc,FY,98.0,30.0,55.0,15.0,12,8,PASS,Nashik,LOW
S350,Vihaan,20.0,FEMALE,BA,TY,100.0,30.0,38.0,18.0,12,15,PASS,Pune,LOW
S351,Aditya,25.0,MALE,BA,FY,92.0,30.0,45.0,15.0,0,5,FAIL,Pune,MEDIUM
S352,Aditya,25.0,MALE,BA,SY,98.0,28.0,45.0,16.0,12,6,FAIL,Pune,LOW
S353,Anaya,15.0,MALE,BCA,TY,85.0,29.0,35.0,15.0,0,1,FAIL,Nashik,MEDIUM
S354,Neha,15.0,MALE,BSc,SY,98.0,39.0,50.0,15.0,12,15,FAIL,Nashik,LOW
S355,Aarav,25.0,MALE,BCA,SY,98.0,30.0,45.0,15.0,12,15,FAIL,Pune,LOW
S356,Aarav,25.0,FEMALE,BA,FY,100.0,30.0,45.0,15.0,12,15,FAIL,Pune,LOW
S357,Aarav,25.0,FEMALE,BCA,SY,100.0,30.0,45.0,13.0,12,15,PASS,Pune,MEDIUM
S358,Rohan,15.0,FEMALE,BA,FY,100.0,30.0,30.0,15.0,12,1,FAIL,Mumbai,LOW
S359,Pooja,25.0,MALE,BA,SY,98.0,30.0,46.0,15.0,9,15,PASS,Nashik,LOW
S360,Aditya,25.0,FEMALE,BCA,FY,100.0,30.0,31.0,10.0,12,15,FAIL,Pune,MEDIUM
S361,Aditya,17.0,MALE,BCom,FY,53.0,23.0,45.0,15.0,0,7,FAIL,Pune,HIGH
S362,Rohan,20.0,FEMALE,BCom,TY,100.0,39.0,53.0,15.0,1,15,PASS,Nashik,MEDIUM
S363,Isha,25.0,MALE,BBA,SY,98.0,30.0,59.0,15.0,12,15,FAIL,Nashik,LOW
S364,Aditya,15.0,FEMALE,BA,TY,100.0,30.0,38.0,12.0,0,15,FAIL,Nashik,MEDIUM
S365,Saanvi,15.0,FEMALE,BSc,TY,100.0,28.0,45.0,20.0,12,15,FAIL,Mumbai,MEDIUM
S366,Karan,25.0,MALE,BCom,FY,90.0,36.0,45.0,15.0,12,6,FAIL,Mumbai,LOW
S367,Neha,25.0,FEMALE,BSc,FY,70.0,30.0,45.0,15.0,1,15,FAIL,Pune,MEDIUM
S368,Aditya,15.0,MALE,BCA,FY,100.0,24.0,45.0,15.0,12,15,FAIL,Nashik,MEDIUM
S369,Vihaan,23.0,MALE,BCom,FY,90.0,30.0,35.0,15.0,12,15,PASS,Nashik,LOW
S370,Saanvi,15.0,FEMALE,BA,TY,98.0,30.0,45.0,10.0,0,8,PASS,Pune,MEDIUM
S371,Aditya,25.0,FEMALE,BBA,FY,89.0,30.0,44.0,10.0,12,4,FAIL,Nashik,LOW
S372,Aditya,25.0,FEMALE,BCA,FY,64.0,24.0,31.0,15.0,12,15,FAIL,Pune,MEDIUM
S373,Neha,25.0,MALE,BBA,SY,98.0,30.0,45.0,15.0,12,15,FAIL,Nashik,LOW
S374,Isha,15.0,FEMALE,BSc,TY,96.0,30.0,45.0,19.0,0,15,FAIL,Pune,MEDIUM
S375,Aditya,15.0,FEMALE,BSc,SY,100.0,23.0,45.0,13.0,12,15,PASS,Pune,MEDIUM
S376,Isha,25.0,FEMALE,BCA,SY,100.0,34.0,57.0,16.0,12,5,FAIL,Pune,LOW
S377,Pooja,23.0,MALE,BBA,FY,78.0,39.0,42.0,15.0,12,15,PASS,Nashik,LOW
S378,Pooja,25.0,MALE,BCom,TY,98.0,28.0,45.0,20.0,11,8,PASS,Pune,LOW
S379,Pooja,18.0,MALE,BBA,TY,98.0,30.0,45.0,17.0,0,15,PASS,Mumbai,MEDIUM
S380,Rohan,24.0,MALE,BCom,FY,100.0,30.0,45.0,15.0,0,15,PASS,Mumbai,MEDIUM
S381,Aditya,25.0,MALE,BA,SY,98.0,30.0,45.0,18.0,0,1,PASS,Pune,MEDIUM
S382,Karan,25.0,FEMALE,BSc,SY,65.0,23.0,37.0,15.0,0,8,FAIL,Mumbai,MEDIUM
S383,Anaya,25.0,FEMALE,BA,SY,70.0,30.0,45.0,12.0,2,5,FAIL,Mumbai,MEDIUM
S384,Aarav,24.0,MALE,BCom,FY,100.0,33.0,45.0,17.0,12,15,PASS,Mumbai,LOW
S385,Karan,15.0,MALE,BCA,FY,98.0,30.0,45.0,11.0,12,15,FAIL,Nashik,MEDIUM
S386,Vihaan,25.0,FEMALE,BA,SY,98.0,21.0,58.0,15.0,12,15,PASS,Nashik,MEDIUM
S387,Aditya,15.0,FEMALE,BBA,TY,100.0,25.0,45.0,11.0,0,7,FAIL,Nashik,MEDIUM
S388,Anaya,25.0,FEMALE,BCom,FY,100.0,28.0,45.0,19.0,12,15,PASS,Pune,MEDIUM
S389,Saanvi,25.0,MALE,BCom,TY,98.0,30.0,45.0,15.0,12,5,FAIL,Pune,LOW
S390,Isha,21.0,FEMALE,BA,TY,85.0,30.0,30.0,15.0,12,3,FAIL,Mumbai,LOW
S391,Aditya,15.0,FEMALE,BBA,FY,100.0,30.0,45.0,15.0,12,15,FAIL,Nashik,LOW
S392,Saanvi,15.0,FEMALE,BBA,SY,98.0,32.0,58.0,17.0,0,15,FAIL,Pune,MEDIUM
S393,Vihaan,22.0,FEMALE,BA,SY,88.0,38.0,45.0,14.0,12,1,FAIL,Nashik,LOW
S394,Karan,25.0,FEMALE,BCA,TY,98.0,38.0,45.0,15.0,0,6,FAIL,Pune,MEDIUM
S395,Pooja,25.0,FEMALE,BBA,SY,74.0,30.0,60.0,18.0,12,15,FAIL,Pune,MEDIUM
S396,Aarav,25.0,FEMALE,BCom,TY,100.0,29.0,52.0,11.0,0,8,PASS,Mumbai,MEDIUM
S397,Rohan,25.0,FEMALE,BSc,SY,100.0,30.0,31.0,15.0,12,7,PASS,Pune,LOW
S398,Karan,19.0,MALE,BBA,FY,100.0,37.0,34.0,15.0,6,1,FAIL,Mumbai,LOW
S399,Aarav,23.0,MALE,BSc,FY,100.0,30.0,45.0,13.0,0,2,FAIL,Nashik,MEDIUM
S400,Aditya,21.0,FEMALE,BBA,FY,98.0,21.0,45.0,15.0,12,15,PASS,Pune,MEDIUM
S401,Karan,25.0,FEMALE,BCA,SY,100.0,30.0,31.0,15.0,0,15,PASS,Nashik,MEDIUM
S402,Aarav,18.0,FEMALE,BA,SY,93.0,30.0,58.0,16.0,12,15,PASS,Pune,LOW
S403,Rohan,22.0,FEMALE,BSc,SY,100.0,40.0,40.0,11.0,12,15,FAIL,Pune,MEDIUM
S404,Rohan,15.0,FEMALE,BA,TY,100.0,22.0,45.0,18.0,12,15,PASS,Nashik,MEDIUM
S405,Isha,25.0,FEMALE,BA,FY,98.0,30.0,45.0,15.0,0,7,FAIL,Pune,MEDIUM
S406,Neha,19.0,MALE,BBA,SY,100.0,30.0,37.0,11.0,0,15,PASS,Pune,MEDIUM
S407,Vihaan,25.0,FEMALE,BBA,FY,98.0,28.0,45.0,15.0,12,15,FAIL,Mumbai,MEDIUM
S408,Isha,25.0,FEMALE,BSc,TY,56.0,25.0,45.0,17.0,0,15,FAIL,Pune,HIGH
S409,Rohan,18.0,FEMALE,BCA,SY,50.0,30.0,54.0,15.0,12,1,PASS,Nashik,MEDIUM
S410,Pooja,15.0,FEMALE,BSc,FY,100.0,30.0,45.0,16.0,12,15,PASS,Pune,LOW
S411,Neha,15.0,MALE,BSc,SY,52.0,29.0,45.0,15.0,0,15,FAIL,Nashik,HIGH
S412,Vihaan,25.0,MALE,BSc,SY,98.0,21.0,45.0,15.0,0,15,PASS,Pune,MEDIUM
S413,Isha,15.0,FEMALE,BCom,SY,100.0,30.0,53.0,14.0,0,15,PASS,Mumbai,MEDIUM
S414,Rohan,24.0,FEMALE,BBA,SY,98.0,30.0,33.0,15.0,0,15,PASS,Pune,MEDIUM
S415,Vihaan,25.0,MALE,BA,FY,69.0,30.0,57.0,15.0,6,15,FAIL,Pune,MEDIUM
S416,Karan,25.0,FEMALE,BBA,SY,100.0,30.0,45.0,15.0,0,1,FAIL,Nashik,MEDIUM
S417,Neha,25.0,FEMALE,BBA,FY,98.0,23.0,52.0,15.0,0,8,PASS,Pune,MEDIUM
S418,Anaya,25.0,FEMALE,BCA,TY,100.0,35.0,56.0,10.0,0,15,FAIL,Mumbai,MEDIUM
S419,Anaya,15.0,MALE,BCA,TY,88.0,30.0,45.0,11.0,12,1,FAIL,Pune,LOW
S420,Aditya,15.0,MALE,BSc,TY,63.0,29.0,45.0,14.0,0,15,FAIL,Pune,HIGH
S421,Saanvi,25.0,MALE,BSc,SY,100.0,30.0,45.0,10.0,12,2,PASS,Pune,LOW
S422,Aarav,15.0,MALE,BSc,FY,100.0,38.0,36.0,10.0,0,5,FAIL,Pune,MEDIUM
S423,Neha,25.0,MALE,BCA,TY,98.0,34.0,45.0,15.0,12,15,PASS,Nashik,LOW
S424,Isha,25.0,MALE,BBA,FY,68.0,37.0,45.0,12.0,0,3,PASS,Mumbai,MEDIUM
S425,Aditya,25.0,MALE,BCA,SY,68.0,30.0,42.0,15.0,8,7,PASS,Pune,LOW
S426,Rohan,25.0,MALE,BA,FY,100.0,40.0,38.0,15.0,12,15,PASS,Mumbai,LOW
S427,Anaya,25.0,MALE,BA,TY,98.0,30.0,45.0,15.0,0,15,PASS,Pune,MEDIUM
S428,Anaya,15.0,FEMALE,BSc,FY,98.0,30.0,45.0,19.0,12,15,FAIL,Pune,LOW
S429,Isha,25.0,MALE,BA,FY,98.0,30.0,43.0,15.0,0,2,PASS,Pune,MEDIUM
S430,Pooja,25.0,FEMALE,BCA,FY,91.0,40.0,31.0,10.0,0,5,PASS,Pune,MEDIUM
S431,Pooja,25.0,FEMALE,BA,FY,94.0,30.0,55.0,15.0,12,3,PASS,Nashik,LOW
S432,Rohan,15.0,MALE,BSc,SY,98.0,30.0,31.0,17.0,12,15,FAIL,Pune,LOW
S433,Vihaan,15.0,FEMALE,BBA,SY,100.0,38.0,45.0,14.0,12,15,PASS,Pune,MEDIUM
S434,Saanvi,25.0,MALE,BBA,SY,100.0,34.0,45.0,18.0,0,4,FAIL,Mumbai,MEDIUM
S435,Karan,25.0,FEMALE,BCom,TY,100.0,21.0,53.0,19.0,0,15,FAIL,Pune,MEDIUM
S436,Saanvi,22.0,FEMALE,BBA,SY,100.0,30.0,55.0,15.0,12,15,PASS,Mumbai,LOW
S437,Aditya,25.0,MALE,BSc,SY,77.0,20.0,45.0,15.0,0,15,PASS,Mumbai,MEDIUM
S438,Isha,15.0,MALE,BSc,SY,80.0,26.0,39.0,17.0,0,15,FAIL,Nashik,MEDIUM
S439,Karan,19.0,FEMALE,BSc,SY,100.0,27.0,49.0,11.0,0,4,PASS,Mumbai,MEDIUM
S440,Karan,25.0,FEMALE,BBA,TY,100.0,26.0,35.0,20.0,12,6,PASS,Pune,LOW
S441,Rohan,15.0,FEMALE,BCom,SY,98.0,26.0,46.0,15.0,0,15,FAIL,Mumbai,MEDIUM
S442,Aditya,25.0,MALE,BCA,TY,93.0,33.0,33.0,15.0,0,15,PASS,Pune,MEDIUM
S443,Rohan,25.0,MALE,BCA,TY,98.0,36.0,45.0,15.0,0,15,PASS,Pune,MEDIUM
S444,Anaya,15.0,MALE,BBA,TY,100.0,20.0,46.0,15.0,0,7,FAIL,Pune,MEDIUM
S445,Isha,22.0,FEMALE,BBA,SY,100.0,40.0,45.0,10.0,0,4,FAIL,Mumbai,MEDIUM
S446,Vihaan,25.0,MALE,BCom,SY,83.0,31.0,45.0,16.0,12,5,PASS,Nashik,LOW
S447,Aarav,21.0,MALE,BA,SY,100.0,30.0,45.0,15.0,0,15,PASS,Nashik,MEDIUM
S448,Aditya,23.0,MALE,BCA,FY,100.0,36.0,45.0,15.0,0,7,FAIL,Nashik,MEDIUM
S449,Isha,15.0,MALE,BA,SY,98.0,30.0,37.0,15.0,0,6,PASS,Pune,MEDIUM
S450,Rohan,25.0,FEMALE,BA,TY,98.0,32.0,36.0,15.0,12,7,PASS,Nashik,LOW
S451,Vihaan,25.0,MALE,BSc,TY,68.0,30.0,60.0,15.0,5,3,FAIL,Nashik,LOW
S452,Vihaan,25.0,FEMALE,BCom,FY,82.0,39.0,57.0,13.0,12,5,FAIL,Mumbai,LOW
S453,Saanvi,19.0,MALE,BSc,TY,80.0,30.0,57.0,10.0,0,3,FAIL,Nashik,MEDIUM
S454,Rohan,25.0,MALE,BSc,FY,100.0,27.0,45.0,15.0,12,15,PASS,Nashik,MEDIUM
S455,Aditya,22.0,MALE,BCom,FY,98.0,37.0,45.0,19.0,12,15,PASS,Pune,LOW
S456,Aarav,25.0,FEMALE,BCA,FY,62.0,30.0,45.0,15.0,12,3,FAIL,Nashik,LOW
S457,Pooja,25.0,FEMALE,BSc,SY,81.0,30.0,45.0,19.0,12,15,PASS,Mumbai,LOW
S458,Isha,25.0,FEMALE,BCom,SY,100.0,24.0,60.0,15.0,12,15,FAIL,Pune,MEDIUM
S459,Anaya,25.0,FEMALE,BSc,FY,98.0,30.0,45.0,15.0,12,8,FAIL,Nashik,LOW
S460,Karan,25.0,MALE,BCA,FY,100.0,30.0,33.0,15.0,0,7,PASS,Nashik,MEDIUM
S461,Rohan,25.0,MALE,BCom,SY,64.0,23.0,58.0,15.0,11,15,PASS,Nashik,MEDIUM
S462,Rohan,15.0,MALE,BSc,FY,81.0,39.0,54.0,18.0,10,15,FAIL,Pune,LOW
S463,Pooja,25.0,FEMALE,BBA,TY,98.0,30.0,57.0,14.0,12,4,PASS,Pune,LOW
S464,Rohan,25.0,FEMALE,BA,SY,71.0,30.0,34.0,15.0,0,1,PASS,Mumbai,MEDIUM
S465,Rohan,25.0,MALE,BCom,FY,66.0,35.0,47.0,19.0,0,15,FAIL,Pune,MEDIUM
S466,Aarav,25.0,FEMALE,BCom,FY,100.0,30.0,45.0,13.0,0,15,PASS,Pune,MEDIUM
S467,Karan,15.0,FEMALE,BCA,SY,98.0,30.0,31.0,12.0,12,3,PASS,Nashik,LOW
S468,Anaya,25.0,MALE,BBA,SY,50.0,30.0,53.0,18.0,12,3,FAIL,Pune,MEDIUM
S469,Aarav,23.0,FEMALE,BBA,SY,94.0,34.0,45.0,17.0,0,3,PASS,Pune,MEDIUM
S470,Aarav,25.0,FEMALE,BBA,FY,98.0,30.0,48.0,15.0,12,6,FAIL,Nashik,LOW
S471,Aarav,15.0,MALE,BA,FY,98.0,30.0,45.0,15.0,12,15,FAIL,Nashik,LOW
S472,Aditya,25.0,FEMALE,BCA,TY,51.0,30.0,45.0,15.0,5,2,FAIL,Pune,MEDIUM
S473,Vihaan,25.0,FEMALE,BBA,FY,100.0,30.0,51.0,17.0,12,5,PASS,Mumbai,LOW
S474,Karan,25.0,FEMALE,BA,SY,64.0,39.0,54.0,15.0,12,7,FAIL,Pune,LOW
S475,Isha,15.0,MALE,BCA,TY,98.0,28.0,40.0,20.0,2,1,FAIL,Nashik,MEDIUM
S476,Anaya,15.0,MALE,BCA,FY,98.0,26.0,45.0,16.0,12,15,FAIL,Nashik,MEDIUM
S477,Aditya,15.0,MALE,BSc,TY,100.0,39.0,31.0,15.0,0,15,PASS,Mumbai,MEDIUM
S478,Vihaan,25.0,MALE,BA,FY,98.0,30.0,45.0,19.0,12,7,FAIL,Pune,LOW
S479,Neha,19.0,FEMALE,BCom,FY,98.0,30.0,45.0,15.0,12,5,PASS,Nashik,LOW
S480,Pooja,15.0,FEMALE,BCom,SY,100.0,39.0,37.0,12.0,12,15,FAIL,Mumbai,MEDIUM
S481,Isha,25.0,FEMALE,BA,FY,100.0,30.0,45.0,15.0,12,15,FAIL,Nashik,LOW
S482,Isha,25.0,FEMALE,BBA,FY,56.0,28.0,59.0,15.0,12,15,FAIL,Pune,MEDIUM
S483,Rohan,25.0,FEMALE,BA,SY,100.0,22.0,40.0,19.0,2,6,PASS,Nashik,MEDIUM
S484,Rohan,17.0,FEMALE,BBA,SY,98.0,30.0,45.0,18.0,12,15,PASS,Pune,LOW
S485,Anaya,25.0,MALE,BA,FY,90.0,30.0,45.0,15.0,12,15,FAIL,Nashik,LOW
S486,Neha,15.0,MALE,BCom,FY,94.0,30.0,45.0,12.0,10,15,PASS,Pune,MEDIUM
S487,Anaya,17.0,FEMALE,BSc,SY,59.0,26.0,57.0,18.0,0,15,PASS,Pune,HIGH
S488,Neha,18.0,FEMALE,BA,FY,98.0,30.0,33.0,15.0,6,2,FAIL,Pune,LOW
S489,Karan,23.0,MALE,BCA,FY,98.0,30.0,45.0,15.0,0,15,PASS,Nashik,MEDIUM
S490,Aditya,15.0,FEMALE,BSc,TY,100.0,30.0,44.0,15.0,12,15,FAIL,Mumbai,LOW
S491,Vihaan,15.0,MALE,BBA,SY,98.0,30.0,45.0,15.0,12,15,PASS,Nashik,LOW
S492,Rohan,18.0,MALE,BA,TY,98.0,30.0,45.0,15.0,0,5,PASS,Mumbai,MEDIUM
S493,Anaya,25.0,MALE,BCom,FY,98.0,39.0,50.0,15.0,12,1,PASS,Pune,LOW
S494,Rohan,20.0,FEMALE,BCom,FY,100.0,30.0,50.0,15.0,12,15,PASS,Nashik,LOW
S495,Saanvi,19.0,MALE,BCom,TY,100.0,30.0,45.0,20.0,12,1,PASS,Mumbai,LOW
S496,Isha,18.0,FEMALE,BSc,FY,100.0,30.0,46.0,20.0,0,15,FAIL,Mumbai,MEDIUM
S497,Pooja,19.0,FEMALE,BCA,SY,98.0,30.0,45.0,15.0,12,6,PASS,Nashik,LOW
S498,Karan,25.0,MALE,BBA,SY,94.0,34.0,39.0,10.0,12,2,FAIL,Pune,LOW
S499,Aditya,15.0,MALE,BBA,TY,98.0,35.0,39.0,15.0,0,15,PASS,Pune,MEDIUM
S500,Isha,15.0,FEMALE,BSc,FY,98.0,39.0,45.0,15.0,0,7,FAIL,Pune,MEDIUM
S501,Isha,15.0,FEMALE,BBA,TY,53.0,39.0,45.0,15.0,12,8,PASS,Pune,MEDIUM
S502,Rohan,15.0,FEMALE,BA,SY,100.0,30.0,31.0,11.0,12,5,PASS,Pune,LOW
S503,Aditya,25.0,MALE,BCom,TY,93.0,30.0,48.0,15.0,12,15,PASS,Mumbai,LOW
S504,Vihaan,23.0,FEMALE,BBA,SY,98.0,23.0,44.0,15.0,10,4,FAIL,Pune,LOW
S505,Anaya,25.0,FEMALE,BSc,TY,87.0,23.0,45.0,15.0,12,15,PASS,Pune,MEDIUM
S506,Vihaan,25.0,MALE,BCom,SY,90.0,30.0,48.0,15.0,0,15,PASS,Nashik,MEDIUM
S507,Karan,25.0,MALE,BSc,SY,98.0,30.0,56.0,15.0,0,8,FAIL,Nashik,MEDIUM
S508,Saanvi,25.0,MALE,BSc,FY,100.0,30.0,45.0,18.0,12,15,FAIL,Mumbai,LOW
S509,Anaya,15.0,FEMALE,BCA,SY,98.0,30.0,45.0,15.0,0,1,FAIL,Nashik,MEDIUM
S510,Neha,25.0,FEMALE,BA,SY,98.0,30.0,49.0,15.0,12,15,FAIL,Pune,LOW
S511,Pooja,25.0,MALE,BSc,SY,100.0,20.0,45.0,15.0,12,15,PASS,Nashik,MEDIUM
S512,Karan,25.0,FEMALE,BCA,FY,98.0,25.0,45.0,15.0,12,15,FAIL,Nashik,MEDIUM
S513,Saanvi,19.0,FEMALE,BA,SY,98.0,27.0,45.0,17.0,12,15,PASS,Pune,MEDIUM
S514,Isha,15.0,MALE,BSc,SY,95.0,30.0,59.0,15.0,0,6,FAIL,Nashik,MEDIUM
S515,Saanvi,15.0,MALE,BBA,SY,100.0,30.0,45.0,18.0,2,1,PASS,Nashik,LOW
S516,Vihaan,25.0,MALE,BSc,FY,100.0,34.0,38.0,15.0,2,8,FAIL,Pune,LOW
S517,Vihaan,15.0,FEMALE,BSc,TY,98.0,30.0,45.0,11.0,0,7,FAIL,Nashik,MEDIUM
S518,Pooja,15.0,MALE,BCom,FY,98.0,26.0,45.0,15.0,12,15,PASS,Nashik,MEDIUM
S519,Aditya,25.0,MALE,BA,SY,98.0,29.0,45.0,19.0,0,15,PASS,Mumbai,MEDIUM
S520,Isha,25.0,FEMALE,BBA,TY,98.0,26.0,45.0,15.0,0,7,PASS,Nashik,MEDIUM
S521,Rohan,15.0,FEMALE,BBA,FY,66.0,32.0,34.0,14.0,12,6,FAIL,Pune,MEDIUM
S522,Anaya,23.0,FEMALE,BBA,FY,98.0,35.0,56.0,20.0,5,7,PASS,Pune,LOW
S523,Pooja,21.0,FEMALE,BBA,FY,98.0,30.0,60.0,15.0,12,15,PASS,Pune,LOW
S524,Neha,25.0,FEMALE,BBA,FY,97.0,30.0,45.0,16.0,12,15,PASS,Mumbai,LOW
S525,Pooja,25.0,MALE,BCom,FY,100.0,30.0,37.0,16.0,1,15,FAIL,Nashik,MEDIUM
S526,Aditya,22.0,MALE,BSc,SY,100.0,30.0,59.0,15.0,12,8,PASS,Pune,LOW
S527,Aditya,15.0,FEMALE,BA,FY,98.0,30.0,59.0,15.0,12,15,PASS,Nashik,LOW
S528,Aditya,15.0,FEMALE,BBA,FY,100.0,24.0,45.0,19.0,0,15,FAIL,Mumbai,MEDIUM
S529,Vihaan,25.0,FEMALE,BCA,TY,90.0,30.0,40.0,16.0,12,15,PASS,Pune,LOW
S530,Aditya,15.0,FEMALE,BCom,SY,98.0,30.0,53.0,16.0,12,1,FAIL,Mumbai,LOW
S531,Isha,25.0,FEMALE,BA,FY,100.0,30.0,31.0,14.0,0,1,FAIL,Nashik,MEDIUM
S532,Anaya,25.0,FEMALE,BCA,FY,98.0,30.0,49.0,15.0,12,15,FAIL,Mumbai,LOW
S533,Rohan,25.0,MALE,BSc,FY,57.0,30.0,45.0,20.0,12,15,FAIL,Pune,MEDIUM
S534,Vihaan,25.0,MALE,BBA,SY,75.0,20.0,44.0,18.0,12,15,FAIL,Nashik,MEDIUM
S535,Karan,22.0,MALE,BCom,SY,98.0,20.0,50.0,15.0,3,5,PASS,Nashik,MEDIUM
S536,Vihaan,18.0,MALE,BCA,FY,67.0,21.0,45.0,15.0,12,15,FAIL,Nashik,MEDIUM
S537,Vihaan,17.0,FEMALE,BSc,FY,67.0,30.0,45.0,15.0,12,15,FAIL,Pune,MEDIUM
S538,Saanvi,15.0,FEMALE,BCom,FY,98.0,21.0,50.0,10.0,12,15,PASS,Pune,MEDIUM
S539,Neha,25.0,FEMALE,BSc,FY,93.0,36.0,45.0,20.0,12,8,PASS,Nashik,LOW
S540,Isha,15.0,MALE,BCA,SY,100.0,30.0,45.0,12.0,0,15,PASS,Pune,MEDIUM
S541,Karan,25.0,MALE,BSc,FY,100.0,30.0,56.0,15.0,12,15,PASS,Nashik,LOW
S542,Vihaan,25.0,FEMALE,BBA,FY,98.0,29.0,45.0,15.0,12,15,PASS,Pune,MEDIUM
S543,Saanvi,25.0,FEMALE,BCA,SY,100.0,37.0,42.0,15.0,10,4,PASS,Pune,LOW
S544,Saanvi,15.0,FEMALE,BCA,FY,92.0,36.0,45.0,10.0,0,15,FAIL,Nashik,MEDIUM
S545,Aarav,15.0,MALE,BSc,TY,67.0,30.0,45.0,15.0,0,15,FAIL,Pune,MEDIUM
S546,Pooja,19.0,MALE,BCA,SY,52.0,39.0,45.0,15.0,12,15,PASS,Nashik,MEDIUM
S547,Vihaan,15.0,FEMALE,BCA,FY,63.0,30.0,47.0,15.0,0,15,PASS,Nashik,MEDIUM
S548,Isha,25.0,MALE,BA,SY,100.0,27.0,45.0,15.0,12,15,FAIL,Nashik,MEDIUM
S549,Vihaan,25.0,MALE,BCA,SY,59.0,30.0,45.0,10.0,12,15,FAIL,Nashik,MEDIUM
S550,Rohan,15.0,MALE,BBA,SY,100.0,25.0,45.0,15.0,12,6,FAIL,Nashik,LOW
S551,Karan,15.0,FEMALE,BBA,SY,57.0,26.0,45.0,15.0,12,15,FAIL,Nashik,MEDIUM
S552,Saanvi,25.0,FEMALE,BA,TY,53.0,30.0,45.0,19.0,0,15,PASS,Pune,HIGH
S553,Neha,15.0,MALE,BCom,FY,100.0,30.0,38.0,14.0,12,15,FAIL,Pune,MEDIUM
S554,Aarav,25.0,FEMALE,BCom,FY,78.0,26.0,53.0,10.0,0,15,PASS,Pune,HIGH
S555,Saanvi,21.0,FEMALE,BSc,TY,100.0,30.0,57.0,16.0,12,6,PASS,Nashik,LOW
S556,Vihaan,25.0,FEMALE,BBA,TY,100.0,25.0,60.0,15.0,12,7,FAIL,Mumbai,LOW
S557,Pooja,25.0,FEMALE,BSc,TY,98.0,30.0,45.0,15.0,12,4,FAIL,Nashik,LOW
S558,Anaya,25.0,MALE,BSc,TY,84.0,30.0,54.0,15.0,0,15,FAIL,Nashik,MEDIUM
S559,Aditya,24.0,FEMALE,BCom,FY,100.0,30.0,57.0,17.0,12,7,FAIL,Pune,LOW
S560,Vihaan,15.0,FEMALE,BBA,SY,100.0,30.0,47.0,12.0,12,4,FAIL,Nashik,LOW
S561,Aarav,25.0,MALE,BSc,TY,98.0,30.0,37.0,15.0,12,15,PASS,Nashik,LOW
S562,Isha,25.0,FEMALE,BA,FY,99.0,37.0,45.0,19.0,0,15,FAIL,Mumbai,MEDIUM
S563,Vihaan,25.0,FEMALE,BSc,TY,98.0,30.0,41.0,20.0,0,4,PASS,Pune,MEDIUM
S564,Pooja,25.0,MALE,BBA,SY,98.0,39.0,45.0,15.0,12,15,FAIL,Mumbai,LOW
S565,Pooja,15.0,MALE,BCA,SY,100.0,28.0,45.0,20.0,12,2,FAIL,Pune,LOW
S566,Pooja,15.0,FEMALE,BA,SY,100.0,30.0,45.0,15.0,12,15,FAIL,Pune,LOW
S567,Pooja,24.0,FEMALE,BCA,FY,98.0,30.0,45.0,15.0,12,15,FAIL,Mumbai,LOW
S568,Aarav,25.0,FEMALE,BSc,SY,70.0,22.0,45.0,15.0,12,3,PASS,Nashik,MEDIUM
S569,Karan,25.0,MALE,BCA,FY,98.0,30.0,36.0,16.0,5,15,FAIL,Pune,LOW
S570,Anaya,25.0,FEMALE,BCom,TY,57.0,22.0,50.0,16.0,12,15,FAIL,Pune,MEDIUM
S571,Aarav,15.0,FEMALE,BCom,TY,100.0,30.0,51.0,20.0,12,6,FAIL,Nashik,LOW
S572,Pooja,17.0,MALE,BCom,TY,98.0,30.0,42.0,14.0,0,15,FAIL,Pune,MEDIUM
S573,Rohan,25.0,FEMALE,BCA,TY,100.0,30.0,41.0,12.0,0,15,PASS,Mumbai,MEDIUM
S574,Aarav,15.0,MALE,BCA,FY,98.0,24.0,50.0,13.0,12,15,FAIL,Nashik,MEDIUM
S575,Isha,25.0,MALE,BCom,TY,100.0,30.0,45.0,11.0,0,15,FAIL,Mumbai,MEDIUM
S576,Anaya,25.0,FEMALE,BCA,FY,80.0,24.0,34.0,14.0,12,15,FAIL,Nashik,MEDIUM
S577,Aditya,15.0,MALE,BCA,SY,100.0,30.0,45.0,15.0,12,15,FAIL,Pune,LOW
S578,Vihaan,25.0,FEMALE,BCA,SY,100.0,25.0,33.0,11.0,12,3,FAIL,Nashik,MEDIUM
S579,Rohan,15.0,FEMALE,BSc,TY,65.0,38.0,42.0,15.0,12,8,PASS,Nashik,LOW
S580,Aarav,25.0,MALE,BCA,FY,52.0,24.0,45.0,15.0,12,15,FAIL,Pune,MEDIUM
S581,Rohan,25.0,MALE,BSc,SY,98.0,30.0,36.0,15.0,12,3,PASS,Pune,LOW
S582,Isha,19.0,MALE,BSc,SY,100.0,30.0,53.0,15.0,12,15,PASS,Pune,LOW
S583,Karan,15.0,MALE,BBA,SY,98.0,30.0,39.0,20.0,0,15,FAIL,Nashik,MEDIUM
S584,Isha,15.0,FEMALE,BBA,TY,98.0,30.0,60.0,15.0,12,7,PASS,Pune,LOW
S585,Aditya,25.0,FEMALE,BCom,SY,100.0,23.0,52.0,15.0,12,15,PASS,Pune,MEDIUM
S586,Anaya,19.0,FEMALE,BBA,FY,93.0,30.0,43.0,20.0,0,8,PASS,Nashik,MEDIUM
S587,Pooja,15.0,FEMALE,BBA,SY,77.0,30.0,37.0,15.0,12,8,PASS,Nashik,LOW
S588,Saanvi,15.0,MALE,BCA,SY,91.0,36.0,46.0,16.0,12,15,PASS,Pune,LOW
S589,Aditya,25.0,MALE,BA,TY,100.0,30.0,32.0,16.0,12,15,PASS,Pune,LOW
S590,Saanvi,25.0,FEMALE,BCom,SY,66.0,25.0,38.0,15.0,12,6,FAIL,Mumbai,MEDIUM
S591,Aditya,25.0,MALE,BBA,SY,100.0,30.0,49.0,14.0,0,15,FAIL,Pune,MEDIUM
S592,Aarav,15.0,FEMALE,BCA,FY,100.0,33.0,45.0,15.0,12,5,PASS,Mumbai,LOW
S593,Isha,25.0,MALE,BCom,SY,90.0,34.0,40.0,10.0,12,4,FAIL,Nashik,LOW
S594,Aditya,15.0,FEMALE,BCA,SY,100.0,38.0,60.0,20.0,10,5,PASS,Pune,LOW
S595,Karan,25.0,MALE,BCom,FY,57.0,21.0,45.0,15.0,0,15,FAIL,Pune,HIGH
S596,Pooja,25.0,MALE,BCA,TY,100.0,25.0,45.0,15.0,12,15,PASS,Pune,MEDIUM
S597,Isha,23.0,FEMALE,BCA,FY,98.0,28.0,44.0,15.0,0,4,PASS,Pune,MEDIUM
S598,Aarav,25.0,FEMALE,BSc,TY,100.0,38.0,45.0,15.0,0,15,PASS,Pune,MEDIUM
S599,Aditya,15.0,MALE,BCA,FY,98.0,30.0,45.0,15.0,0,3,PASS,Pune,MEDIUM
S600,Neha,21.0,FEMALE,BBA,TY,100.0,30.0,54.0,15.0,12,15,FAIL,Nashik,LOW
S601,Pooja,25.0,FEMALE,BA,SY,100.0,37.0,45.0,17.0,12,15,FAIL,Nashik,LOW
S602,Saanvi,23.0,FEMALE,BSc,FY,98.0,26.0,51.0,15.0,0,3,PASS,Nashik,MEDIUM
S603,Saanvi,24.0,MALE,BCA,FY,98.0,21.0,45.0,10.0,12,15,FAIL,Pune,MEDIUM
S604,Aarav,25.0,FEMALE,BSc,SY,100.0,28.0,48.0,15.0,12,2,PASS,Nashik,LOW
S605,Saanvi,15.0,MALE,BCom,SY,98.0,30.0,44.0,13.0,0,15,FAIL,Pune,MEDIUM
S606,Aditya,20.0,FEMALE,BA,TY,100.0,38.0,40.0,17.0,8,15,PASS,Nashik,LOW
S607,Pooja,15.0,FEMALE,BSc,FY,100.0,30.0,45.0,15.0,12,15,PASS,Pune,LOW
S608,Karan,25.0,FEMALE,BBA,FY,100.0,35.0,38.0,11.0,12,15,PASS,Nashik,MEDIUM
S609,Aditya,25.0,FEMALE,BCom,SY,100.0,29.0,47.0,15.0,0,15,PASS,Mumbai,MEDIUM
S610,Anaya,25.0,FEMALE,BA,FY,82.0,39.0,45.0,15.0,12,1,FAIL,Nashik,LOW
S611,Pooja,20.0,MALE,BCA,TY,98.0,21.0,60.0,15.0,12,4,FAIL,Nashik,LOW
S612,Aditya,25.0,FEMALE,BA,TY,55.0,29.0,45.0,20.0,12,3,PASS,Pune,MEDIUM
S613,Saanvi,15.0,MALE,BCom,FY,100.0,33.0,33.0,15.0,0,15,FAIL,Mumbai,MEDIUM
S614,Saanvi,23.0,FEMALE,BCA,SY,100.0,40.0,49.0,15.0,0,2,FAIL,Nashik,MEDIUM
S615,Aarav,21.0,MALE,BSc,SY,98.0,30.0,45.0,15.0,8,15,PASS,Mumbai,LOW
S616,Pooja,25.0,MALE,BBA,FY,61.0,30.0,45.0,20.0,0,5,FAIL,Nashik,MEDIUM
S617,Karan,25.0,FEMALE,BBA,FY,98.0,31.0,45.0,15.0,0,5,PASS,Mumbai,MEDIUM
S618,Rohan,25.0,FEMALE,BCA,FY,100.0,36.0,35.0,15.0,0,15,FAIL,Pune,MEDIUM
S619,Neha,15.0,MALE,BCA,SY,100.0,30.0,51.0,15.0,12,15,PASS,Mumbai,LOW
S620,Aditya,25.0,FEMALE,BCom,SY,53.0,31.0,45.0,15.0,12,2,PASS,Pune,MEDIUM
S621,Anaya,25.0,FEMALE,BBA,SY,50.0,20.0,45.0,15.0,12,7,PASS,Pune,MEDIUM
S622,Isha,24.0,FEMALE,BCom,SY,85.0,21.0,36.0,15.0,12,15,FAIL,Pune,MEDIUM
S623,Saanvi,25.0,MALE,BA,FY,100.0,34.0,45.0,15.0,12,15,FAIL,Nashik,LOW
S624,Aarav,25.0,MALE,BA,TY,98.0,30.0,54.0,15.0,12,3,FAIL,Nashik,LOW
S625,Isha,25.0,FEMALE,BCom,SY,98.0,30.0,45.0,15.0,12,15,FAIL,Mumbai,LOW
S626,Aditya,25.0,FEMALE,BA,FY,53.0,34.0,45.0,15.0,12,6,PASS,Pune,MEDIUM
S627,Pooja,15.0,FEMALE,BCA,FY,100.0,34.0,40.0,13.0,0,4,PASS,Mumbai,MEDIUM
S628,Aditya,19.0,FEMALE,BCom,FY,98.0,27.0,45.0,15.0,0,3,FAIL,Pune,MEDIUM
S629,Isha,25.0,FEMALE,BA,SY,100.0,30.0,45.0,15.0,0,8,FAIL,Pune,MEDIUM
S630,Karan,25.0,FEMALE,BCA,SY,98.0,26.0,34.0,11.0,12,15,PASS,Pune,MEDIUM
S631,Isha,15.0,MALE,BA,FY,98.0,39.0,45.0,15.0,12,15,PASS,Mumbai,LOW
S632,Neha,17.0,FEMALE,BBA,TY,67.0,30.0,33.0,15.0,12,15,FAIL,Pune,MEDIUM
S633,Vihaan,25.0,FEMALE,BBA,FY,100.0,30.0,37.0,13.0,12,1,PASS,Pune,LOW
S634,Aditya,25.0,MALE,BA,FY,98.0,34.0,37.0,15.0,12,15,PASS,Nashik,LOW
S635,Karan,15.0,FEMALE,BCom,FY,100.0,30.0,45.0,15.0,12,15,PASS,Mumbai,LOW
S636,Aditya,25.0,FEMALE,BCA,FY,90.0,25.0,36.0,15.0,2,4,PASS,Nashik,MEDIUM
S637,Karan,25.0,MALE,BCom,SY,72.0,31.0,45.0,15.0,12,2,FAIL,Nashik,LOW
S638,Saanvi,25.0,FEMALE,BA,FY,98.0,30.0,38.0,15.0,12,1,PASS,Nashik,LOW
S639,Saanvi,15.0,MALE,BCA,FY,66.0,39.0,53.0,15.0,12,6,PASS,Mumbai,LOW
S640,Rohan,25.0,MALE,BA,SY,100.0,30.0,45.0,14.0,4,2,PASS,Nashik,MEDIUM
S641,Vihaan,25.0,FEMALE,BBA,FY,100.0,30.0,45.0,15.0,12,15,FAIL,Nashik,LOW
S642,Aditya,25.0,FEMALE,BSc,FY,100.0,23.0,45.0,16.0,0,3,PASS,Pune,MEDIUM
S643,Saanvi,15.0,FEMALE,BSc,FY,100.0,30.0,45.0,12.0,12,15,FAIL,Pune,MEDIUM
S644,Aarav,25.0,FEMALE,BSc,FY,85.0,30.0,46.0,15.0,12,15,PASS,Pune,LOW
S645,Isha,15.0,FEMALE,BA,SY,100.0,30.0,59.0,13.0,12,15,PASS,Nashik,MEDIUM
S646,Pooja,25.0,MALE,BCom,FY,100.0,30.0,30.0,15.0,0,15,FAIL,Nashik,MEDIUM
S647,Isha,20.0,MALE,BCA,TY,82.0,30.0,45.0,15.0,12,5,PASS,Pune,LOW
S648,Aditya,25.0,FEMALE,BSc,FY,100.0,23.0,45.0,15.0,0,15,FAIL,Pune,MEDIUM
S649,Saanvi,25.0,FEMALE,BCom,SY,98.0,31.0,51.0,15.0,0,2,PASS,Nashik,MEDIUM
S650,Vihaan,15.0,MALE,BSc,SY,81.0,36.0,51.0,15.0,0,15,FAIL,Pune,MEDIUM
S651,Aditya,25.0,FEMALE,BSc,TY,98.0,39.0,45.0,15.0,12,2,PASS,Nashik,LOW
S652,Pooja,15.0,MALE,BCA,SY,98.0,30.0,60.0,15.0,12,15,FAIL,Nashik,LOW
S653,Aditya,25.0,MALE,BCA,SY,62.0,36.0,45.0,17.0,12,15,PASS,Nashik,MEDIUM
S654,Rohan,25.0,MALE,BCA,FY,100.0,23.0,31.0,15.0,12,15,FAIL,Pune,MEDIUM
S655,Aarav,25.0,MALE,BA,FY,78.0,30.0,45.0,13.0,12,15,PASS,Nashik,MEDIUM
S656,Anaya,25.0,MALE,BCom,FY,87.0,34.0,55.0,15.0,0,8,PASS,Pune,MEDIUM
S657,Aarav,20.0,FEMALE,BA,FY,100.0,21.0,45.0,15.0,12,15,PASS,Pune,MEDIUM
S658,Vihaan,25.0,FEMALE,BA,FY,100.0,30.0,45.0,15.0,12,15,PASS,Mumbai,LOW
S659,Saanvi,25.0,MALE,BCom,FY,50.0,39.0,45.0,12.0,4,8,FAIL,Nashik,MEDIUM
S660,Aarav,19.0,MALE,BA,SY,100.0,38.0,45.0,15.0,12,15,PASS,Pune,LOW
S661,Rohan,25.0,MALE,BA,SY,89.0,36.0,45.0,15.0,12,15,FAIL,Pune,LOW
S662,Aarav,25.0,MALE,BCom,SY,62.0,40.0,45.0,15.0,12,15,PASS,Nashik,MEDIUM
S663,Aarav,25.0,FEMALE,BBA,SY,61.0,30.0,50.0,20.0,0,7,PASS,Nashik,MEDIUM
S664,Aditya,25.0,FEMALE,BCom,SY,98.0,30.0,32.0,11.0,12,2,FAIL,Nashik,LOW
S665,Rohan,15.0,FEMALE,BA,SY,55.0,22.0,45.0,15.0,12,15,PASS,Mumbai,MEDIUM
S666,Pooja,15.0,MALE,BA,SY,98.0,30.0,45.0,11.0,12,15,FAIL,Pune,MEDIUM
S667,Karan,15.0,MALE,BA,SY,100.0,30.0,45.0,15.0,12,15,FAIL,Nashik,LOW
S668,Saanvi,15.0,FEMALE,BBA,SY,100.0,30.0,30.0,15.0,12,15,PASS,Pune,LOW
S669,Rohan,25.0,MALE,BA,FY,98.0,30.0,49.0,13.0,12,2,FAIL,Nashik,LOW
S670,Rohan,15.0,MALE,BCA,FY,100.0,25.0,45.0,12.0,0,15,PASS,Pune,HIGH
S671,Isha,25.0,FEMALE,BSc,FY,98.0,30.0,48.0,16.0,0,2,FAIL,Nashik,MEDIUM
S672,Saanvi,20.0,MALE,BA,SY,98.0,30.0,45.0,11.0,0,8,FAIL,Pune,MEDIUM
S673,Aditya,25.0,FEMALE,BBA,SY,100.0,21.0,45.0,16.0,12,15,FAIL,Nashik,MEDIUM
S674,Pooja,22.0,FEMALE,BCom,FY,100.0,25.0,36.0,15.0,0,15,PASS,Pune,MEDIUM
S675,Isha,15.0,FEMALE,BCom,FY,98.0,30.0,55.0,15.0,12,1,FAIL,Mumbai,LOW
S676,Saanvi,19.0,FEMALE,BBA,SY,98.0,26.0,50.0,17.0,3,2,PASS,Nashik,MEDIUM
S677,Pooja,24.0,FEMALE,BSc,TY,100.0,39.0,46.0,15.0,12,15,PASS,Pune,LOW
S678,Karan,20.0,FEMALE,BCA,SY,78.0,26.0,31.0,16.0,0,15,FAIL,Nashik,MEDIUM
S679,Karan,15.0,FEMALE,BSc,SY,100.0,39.0,49.0,11.0,7,15,FAIL,Mumbai,MEDIUM
S680,Vihaan,23.0,MALE,BCA,SY,98.0,36.0,45.0,19.0,12,7,PASS,Nashik,LOW
S681,Karan,25.0,FEMALE,BCA,FY,51.0,28.0,45.0,12.0,12,15,FAIL,Nashik,HIGH
S682,Pooja,22.0,FEMALE,BBA,TY,98.0,30.0,45.0,14.0,12,15,PASS,Nashik,MEDIUM
S683,Rohan,25.0,MALE,BSc,FY,100.0,30.0,45.0,15.0,0,5,FAIL,Nashik,MEDIUM
S684,Rohan,25.0,FEMALE,BCom,FY,62.0,34.0,58.0,10.0,12,8,FAIL,Pune,MEDIUM
S685,Aditya,25.0,MALE,BBA,FY,63.0,20.0,55.0,20.0,12,15,PASS,Pune,MEDIUM
S686,Neha,17.0,MALE,BA,FY,100.0,35.0,45.0,10.0,12,6,FAIL,Nashik,LOW
S687,Rohan,15.0,FEMALE,BSc,FY,98.0,30.0,45.0,15.0,8,6,FAIL,Nashik,LOW
S688,Pooja,15.0,MALE,BCA,SY,56.0,21.0,34.0,19.0,11,15,PASS,Pune,MEDIUM
S689,Rohan,15.0,FEMALE,BA,SY,100.0,39.0,53.0,15.0,12,15,PASS,Nashik,LOW
S690,Pooja,15.0,MALE,BCom,FY,100.0,30.0,45.0,19.0,0,15,FAIL,Nashik,MEDIUM
S691,Rohan,21.0,FEMALE,BCA,TY,64.0,21.0,45.0,20.0,0,2,FAIL,Pune,MEDIUM
S692,Vihaan,15.0,FEMALE,BCA,FY,88.0,31.0,30.0,20.0,0,2,PASS,Nashik,MEDIUM
S693,Isha,24.0,FEMALE,BCom,SY,65.0,23.0,45.0,15.0,0,4,PASS,Pune,MEDIUM
S694,Vihaan,17.0,FEMALE,BCom,SY,76.0,31.0,48.0,14.0,12,4,FAIL,Nashik,LOW
S695,Karan,25.0,FEMALE,BSc,SY,98.0,30.0,45.0,16.0,5,15,FAIL,Mumbai,LOW
S696,Vihaan,25.0,MALE,BSc,SY,98.0,30.0,45.0,19.0,0,15,PASS,Nashik,MEDIUM
S697,Anaya,15.0,MALE,BSc,SY,100.0,24.0,47.0,15.0,12,7,FAIL,Pune,LOW
S698,Pooja,25.0,FEMALE,BBA,FY,100.0,30.0,51.0,20.0,4,5,PASS,Nashik,LOW
S699,Saanvi,25.0,MALE,BBA,TY,98.0,30.0,58.0,15.0,12,8,PASS,Nashik,LOW
S700,Aarav,24.0,MALE,BSc,FY,98.0,30.0,45.0,15.0,1,15,FAIL,Nashik,MEDIUM
S701,Pooja,15.0,FEMALE,BCom,TY,100.0,21.0,60.0,15.0,12,1,FAIL,Nashik,LOW
S702,Anaya,15.0,FEMALE,BBA,SY,63.0,30.0,45.0,17.0,0,15,FAIL,Mumbai,MEDIUM
S703,Vihaan,25.0,MALE,BBA,SY,100.0,30.0,45.0,15.0,12,15,FAIL,Mumbai,LOW
S704,Aarav,25.0,MALE,BSc,TY,98.0,30.0,40.0,15.0,0,2,FAIL,Nashik,MEDIUM
S705,Isha,25.0,FEMALE,BA,TY,98.0,24.0,45.0,10.0,12,15,PASS,Pune,MEDIUM
S706,Karan,25.0,MALE,BBA,TY,87.0,30.0,45.0,15.0,0,3,PASS,Mumbai,MEDIUM
S707,Rohan,17.0,FEMALE,BA,SY,100.0,31.0,51.0,12.0,0,15,PASS,Pune,MEDIUM
S708,Rohan,25.0,FEMALE,BBA,FY,98.0,32.0,60.0,15.0,12,15,FAIL,Pune,LOW
S709,Isha,15.0,FEMALE,BA,SY,98.0,30.0,45.0,17.0,12,15,FAIL,Pune,LOW
S710,Rohan,25.0,MALE,BCom,SY,100.0,30.0,49.0,10.0,0,15,FAIL,Mumbai,MEDIUM
S711,Vihaan,20.0,MALE,BBA,FY,100.0,30.0,59.0,13.0,12,7,PASS,Nashik,LOW
S712,Karan,25.0,FEMALE,BBA,SY,98.0,30.0,33.0,15.0,12,15,PASS,Pune,LOW
S713,Anaya,25.0,MALE,BCom,FY,67.0,24.0,45.0,19.0,0,5,FAIL,Pune,MEDIUM
S714,Vihaan,22.0,FEMALE,BCom,FY,98.0,35.0,53.0,16.0,0,7,PASS,Pune,MEDIUM
S715,Pooja,25.0,FEMALE,BBA,SY,98.0,36.0,45.0,15.0,12,15,FAIL,Pune,LOW
S716,Saanvi,15.0,MALE,BCA,SY,98.0,30.0,34.0,15.0,12,15,FAIL,Mumbai,LOW
S717,Neha,20.0,MALE,BSc,FY,58.0,25.0,43.0,11.0,0,4,FAIL,Pune,HIGH
S718,Pooja,24.0,FEMALE,BBA,TY,98.0,30.0,31.0,15.0,0,7,PASS,Nashik,MEDIUM
S719,Anaya,25.0,MALE,BCom,TY,98.0,34.0,45.0,15.0,12,1,FAIL,Mumbai,LOW
S720,Neha,25.0,FEMALE,BBA,TY,98.0,37.0,45.0,15.0,12,15,FAIL,Pune,LOW
S721,Saanvi,15.0,MALE,BA,FY,98.0,40.0,41.0,15.0,0,15,FAIL,Nashik,MEDIUM
S722,Aditya,22.0,MALE,BA,SY,100.0,30.0,44.0,15.0,12,15,FAIL,Pune,LOW
S723,Karan,25.0,MALE,BSc,SY,100.0,33.0,45.0,15.0,12,7,FAIL,Mumbai,LOW
S724,Vihaan,25.0,MALE,BA,FY,98.0,30.0,45.0,15.0,0,6,PASS,Nashik,MEDIUM
S725,Aditya,25.0,FEMALE,BSc,FY,100.0,33.0,54.0,19.0,0,15,FAIL,Mumbai,MEDIUM
S726,Saanvi,25.0,FEMALE,BSc,FY,98.0,21.0,45.0,15.0,0,1,PASS,Mumbai,MEDIUM
S727,Isha,21.0,MALE,BCA,FY,98.0,40.0,45.0,11.0,0,15,FAIL,Pune,MEDIUM
S728,Anaya,25.0,MALE,BBA,TY,98.0,39.0,47.0,14.0,12,3,PASS,Pune,LOW
S729,Rohan,17.0,FEMALE,BSc,SY,98.0,20.0,45.0,13.0,12,5,PASS,Pune,MEDIUM
S730,Neha,25.0,FEMALE,BCA,SY,98.0,30.0,45.0,19.0,12,15,FAIL,Mumbai,LOW
S731,Isha,15.0,FEMALE,BA,TY,83.0,26.0,46.0,19.0,7,15,FAIL,Pune,MEDIUM
S732,Karan,25.0,FEMALE,BBA,SY,68.0,28.0,34.0,15.0,12,2,FAIL,Mumbai,MEDIUM
S733,Rohan,25.0,MALE,BBA,SY,100.0,30.0,40.0,20.0,0,3,FAIL,Pune,MEDIUM
S734,Saanvi,25.0,FEMALE,BCA,TY,100.0,30.0,45.0,16.0,0,4,FAIL,Nashik,MEDIUM
S735,Aarav,25.0,MALE,BBA,FY,98.0,34.0,40.0,13.0,12,1,PASS,Pune,LOW
S736,Pooja,15.0,FEMALE,BA,SY,61.0,34.0,45.0,13.0,12,6,PASS,Mumbai,MEDIUM
S737,Isha,21.0,MALE,BSc,SY,98.0,30.0,45.0,15.0,0,4,FAIL,Nashik,MEDIUM
S738,Aarav,15.0,FEMALE,BA,FY,57.0,30.0,45.0,15.0,12,4,FAIL,Pune,MEDIUM
S739,Neha,15.0,MALE,BA,FY,98.0,30.0,60.0,15.0,12,5,FAIL,Pune,LOW
S740,Aarav,25.0,MALE,BSc,SY,54.0,26.0,45.0,15.0,12,1,FAIL,Mumbai,MEDIUM
S741,Karan,15.0,MALE,BCA,SY,98.0,37.0,45.0,15.0,0,15,PASS,Mumbai,MEDIUM
S742,Aarav,25.0,FEMALE,BBA,TY,100.0,30.0,32.0,15.0,0,4,FAIL,Nashik,MEDIUM
S743,Karan,15.0,FEMALE,BCom,SY,98.0,29.0,45.0,14.0,0,15,PASS,Pune,HIGH
S744,Pooja,25.0,FEMALE,BCA,SY,100.0,31.0,45.0,15.0,0,8,PASS,Nashik,MEDIUM
S745,Aarav,25.0,FEMALE,BCom,TY,65.0,26.0,30.0,17.0,12,15,FAIL,Nashik,MEDIUM
S746,Aarav,25.0,MALE,BSc,FY,100.0,30.0,41.0,15.0,11,15,PASS,Nashik,LOW
S747,Karan,25.0,FEMALE,BA,TY,50.0,30.0,52.0,19.0,0,2,PASS,Nashik,MEDIUM
S748,Pooja,19.0,MALE,BCA,FY,98.0,35.0,30.0,17.0,12,8,FAIL,Pune,LOW
S749,Pooja,25.0,MALE,BSc,TY,100.0,32.0,60.0,19.0,12,5,FAIL,Pune,LOW
S750,Vihaan,25.0,MALE,BCA,TY,98.0,30.0,45.0,15.0,0,15,PASS,Nashik,MEDIUM
S751,Karan,15.0,FEMALE,BSc,SY,77.0,30.0,45.0,12.0,12,15,PASS,Pune,MEDIUM
S752,Rohan,15.0,MALE,BSc,FY,98.0,30.0,39.0,15.0,12,4,PASS,Nashik,LOW
S753,Anaya,24.0,MALE,BSc,FY,100.0,28.0,50.0,10.0,0,2,FAIL,Nashik,MEDIUM
S754,Rohan,21.0,FEMALE,BBA,SY,100.0,30.0,45.0,15.0,12,8,FAIL,Nashik,LOW
S755,Aditya,25.0,FEMALE,BBA,TY,100.0,36.0,45.0,20.0,12,15,PASS,Nashik,LOW
S756,Isha,20.0,MALE,BCA,SY,98.0,24.0,45.0,15.0,12,15,PASS,Nashik,MEDIUM
S757,Rohan,20.0,MALE,BCA,SY,80.0,30.0,36.0,15.0,0,8,PASS,Pune,MEDIUM
S758,Aarav,25.0,FEMALE,BCom,SY,98.0,28.0,45.0,15.0,8,2,PASS,Mumbai,LOW
S759,Isha,25.0,MALE,BA,FY,100.0,23.0,32.0,16.0,0,5,PASS,Mumbai,MEDIUM
S760,Isha,25.0,MALE,BSc,FY,98.0,38.0,45.0,10.0,0,8,FAIL,Mumbai,MEDIUM
S761,Saanvi,24.0,MALE,BSc,FY,100.0,30.0,32.0,15.0,11,3,PASS,Nashik,LOW
S762,Aarav,15.0,FEMALE,BCom,SY,98.0,30.0,45.0,15.0,12,4,FAIL,Pune,LOW
S763,Aarav,25.0,MALE,BA,SY,98.0,30.0,45.0,11.0,12,15,FAIL,Pune,MEDIUM
S764,Karan,20.0,MALE,BCom,FY,100.0,21.0,49.0,15.0,0,15,FAIL,Pune,MEDIUM
S765,Isha,25.0,FEMALE,BCA,TY,72.0,30.0,45.0,15.0,0,15,FAIL,Pune,MEDIUM
S766,Karan,17.0,MALE,BBA,FY,63.0,30.0,33.0,15.0,12,2,PASS,Nashik,LOW
S767,Aditya,15.0,FEMALE,BA,SY,100.0,35.0,38.0,15.0,0,15,PASS,Nashik,MEDIUM
S768,Saanvi,25.0,FEMALE,BBA,TY,98.0,30.0,45.0,15.0,0,15,PASS,Nashik,MEDIUM
S769,Karan,25.0,MALE,BCA,FY,100.0,33.0,45.0,12.0,12,15,FAIL,Mumbai,MEDIUM
S770,Pooja,15.0,FEMALE,BCA,FY,98.0,30.0,45.0,16.0,12,15,FAIL,Pune,LOW
S771,Aditya,24.0,FEMALE,BCA,SY,98.0,38.0,57.0,15.0,0,8,FAIL,Nashik,MEDIUM
S772,Isha,15.0,FEMALE,BA,FY,98.0,20.0,58.0,15.0,12,4,FAIL,Nashik,LOW
S773,Anaya,15.0,FEMALE,BCA,FY,56.0,30.0,45.0,15.0,12,8,PASS,Pune,MEDIUM
S774,Vihaan,25.0,FEMALE,BA,SY,100.0,22.0,56.0,14.0,12,5,FAIL,Mumbai,MEDIUM
S775,Aditya,20.0,MALE,BCom,TY,77.0,30.0,45.0,11.0,12,15,FAIL,Pune,MEDIUM
S776,Vihaan,15.0,FEMALE,BBA,SY,98.0,30.0,51.0,20.0,9,8,FAIL,Pune,LOW
S777,Karan,15.0,FEMALE,BCA,SY,100.0,20.0,39.0,15.0,5,2,PASS,Pune,LOW
S778,Aarav,15.0,FEMALE,BCA,FY,66.0,39.0,59.0,12.0,7,15,FAIL,Pune,MEDIUM
S779,Vihaan,15.0,FEMALE,BSc,FY,100.0,30.0,45.0,16.0,0,15,FAIL,Pune,MEDIUM
S780,Aarav,25.0,MALE,BCA,FY,98.0,27.0,45.0,19.0,0,1,PASS,Mumbai,MEDIUM
S781,Isha,25.0,FEMALE,BBA,FY,84.0,30.0,45.0,15.0,12,15,PASS,Nashik,LOW
S782,Pooja,25.0,MALE,BSc,TY,100.0,30.0,58.0,15.0,12,5,FAIL,Nashik,LOW
S783,Isha,25.0,FEMALE,BCom,SY,74.0,24.0,39.0,15.0,12,15,FAIL,Pune,MEDIUM
S784,Vihaan,25.0,FEMALE,BCA,TY,98.0,30.0,45.0,15.0,12,4,FAIL,Nashik,LOW
S785,Neha,15.0,FEMALE,BSc,SY,78.0,30.0,59.0,15.0,12,15,FAIL,Pune,LOW
S786,Isha,24.0,MALE,BSc,SY,100.0,30.0,45.0,15.0,12,15,PASS,Mumbai,LOW
S787,Neha,25.0,FEMALE,BBA,SY,100.0,27.0,45.0,11.0,12,8,PASS,Mumbai,MEDIUM
S788,Rohan,18.0,MALE,BBA,FY,74.0,30.0,33.0,15.0,0,15,PASS,Mumbai,MEDIUM
S789,Isha,25.0,FEMALE,BCA,FY,98.0,24.0,45.0,16.0,12,15,FAIL,Pune,MEDIUM
S790,Saanvi,25.0,FEMALE,BA,TY,100.0,30.0,34.0,15.0,0,5,PASS,Nashik,MEDIUM
S791,Pooja,25.0,FEMALE,BCA,TY,54.0,22.0,40.0,15.0,12,15,FAIL,Nashik,MEDIUM
S792,Vihaan,24.0,MALE,BSc,TY,100.0,30.0,45.0,16.0,12,15,PASS,Nashik,LOW
S793,Isha,25.0,FEMALE,BCom,TY,99.0,26.0,60.0,15.0,3,6,FAIL,Nashik,MEDIUM
S794,Anaya,15.0,MALE,BCA,FY,98.0,29.0,47.0,20.0,0,15,FAIL,Nashik,MEDIUM
S795,Vihaan,25.0,MALE,BCA,FY,98.0,30.0,40.0,18.0,12,3,FAIL,Pune,LOW
S796,Karan,15.0,FEMALE,BSc,SY,100.0,30.0,45.0,20.0,0,15,PASS,Mumbai,MEDIUM
S797,Anaya,15.0,FEMALE,BBA,SY,74.0,30.0,45.0,15.0,0,15,PASS,Mumbai,MEDIUM
S798,Rohan,15.0,MALE,BCA,SY,100.0,30.0,45.0,16.0,12,6,FAIL,Mumbai,LOW
S799,Pooja,15.0,FEMALE,BCA,FY,100.0,30.0,45.0,15.0,12,15,PASS,Nashik,LOW
S800,Pooja,25.0,FEMALE,BCA,FY,98.0,30.0,45.0,19.0,12,15,PASS,Nashik,LOW
S801,Pooja,23.0,FEMALE,BSc,TY,55.0,24.0,45.0,15.0,12,6,PASS,Mumbai,MEDIUM
S802,Pooja,22.0,MALE,BA,SY,98.0,30.0,45.0,15.0,12,15,FAIL,Mumbai,LOW
S803,Aditya,25.0,MALE,BSc,SY,98.0,36.0,45.0,15.0,0,15,PASS,Pune,MEDIUM
S804,Anaya,25.0,MALE,BA,TY,98.0,30.0,45.0,15.0,0,8,FAIL,Pune,MEDIUM
S805,Aditya,15.0,FEMALE,BSc,SY,98.0,34.0,45.0,15.0,0,15,PASS,Nashik,MEDIUM
S806,Vihaan,21.0,FEMALE,BA,FY,98.0,30.0,45.0,15.0,0,15,PASS,Pune,MEDIUM
S807,Aditya,15.0,MALE,BSc,SY,98.0,30.0,31.0,20.0,0,1,PASS,Pune,MEDIUM
S808,Anaya,22.0,MALE,BSc,FY,100.0,30.0,39.0,20.0,4,7,FAIL,Nashik,LOW
S809,Pooja,15.0,FEMALE,BCA,SY,98.0,39.0,45.0,20.0,12,4,PASS,Pune,LOW
S810,Rohan,25.0,MALE,BBA,FY,93.0,30.0,45.0,15.0,0,1,PASS,Nashik,MEDIUM
S811,Aarav,15.0,FEMALE,BCA,FY,100.0,30.0,45.0,11.0,7,15,FAIL,Nashik,MEDIUM
S812,Saanvi,15.0,MALE,BCom,SY,81.0,30.0,49.0,18.0,12,15,PASS,Nashik,LOW
S813,Saanvi,25.0,MALE,BSc,FY,100.0,30.0,56.0,15.0,12,15,FAIL,Nashik,LOW
S814,Rohan,19.0,FEMALE,BCA,FY,87.0,27.0,33.0,15.0,12,15,PASS,Nashik,MEDIUM
S815,Anaya,25.0,FEMALE,BA,FY,98.0,30.0,45.0,15.0,0,3,FAIL,Pune,MEDIUM
S816,Aarav,25.0,MALE,BBA,FY,100.0,30.0,59.0,15.0,12,1,PASS,Mumbai,LOW
S817,Karan,15.0,MALE,BCom,SY,100.0,25.0,45.0,14.0,0,4,FAIL,Mumbai,MEDIUM
S818,Neha,25.0,MALE,BA,FY,98.0,23.0,51.0,18.0,12,5,PASS,Pune,LOW
S819,Aarav,22.0,FEMALE,BBA,SY,100.0,30.0,45.0,15.0,12,2,PASS,Mumbai,LOW
S820,Isha,15.0,MALE,BA,FY,100.0,24.0,52.0,15.0,12,3,PASS,Pune,LOW
S821,Neha,20.0,FEMALE,BBA,SY,100.0,30.0,45.0,10.0,0,8,PASS,Pune,MEDIUM
S822,Aditya,15.0,FEMALE,BA,FY,100.0,30.0,45.0,15.0,12,15,PASS,Pune,LOW
S823,Pooja,25.0,MALE,BSc,FY,98.0,30.0,45.0,14.0,12,5,FAIL,Mumbai,LOW
S824,Rohan,20.0,MALE,BCom,TY,98.0,30.0,58.0,12.0,8,7,PASS,Pune,LOW
S825,Anaya,25.0,FEMALE,BA,SY,84.0,30.0,45.0,19.0,12,15,FAIL,Pune,LOW
S826,Neha,25.0,MALE,BCom,FY,75.0,33.0,38.0,14.0,12,5,PASS,Nashik,LOW
S827,Isha,25.0,FEMALE,BCA,FY,78.0,30.0,45.0,19.0,12,15,FAIL,Mumbai,LOW
S828,Aarav,18.0,MALE,BSc,TY,81.0,30.0,60.0,15.0,7,8,PASS,Nashik,LOW
S829,Saanvi,18.0,FEMALE,BSc,FY,100.0,39.0,45.0,11.0,12,15,PASS,Pune,MEDIUM
S830,Vihaan,25.0,FEMALE,BCA,TY,64.0,30.0,45.0,15.0,12,6,PASS,Pune,LOW
S831,Anaya,25.0,FEMALE,BBA,FY,87.0,32.0,49.0,13.0,12,15,PASS,Nashik,MEDIUM
S832,Neha,17.0,MALE,BA,FY,80.0,33.0,36.0,15.0,12,15,FAIL,Pune,LOW
S833,Aarav,21.0,MALE,BBA,FY,100.0,33.0,47.0,15.0,12,15,PASS,Pune,LOW
S834,Vihaan,25.0,MALE,BCom,SY,98.0,30.0,42.0,15.0,0,8,FAIL,Pune,MEDIUM
S835,Pooja,25.0,FEMALE,BBA,FY,98.0,28.0,45.0,15.0,12,2,PASS,Nashik,LOW
S836,Pooja,25.0,MALE,BSc,FY,83.0,24.0,57.0,20.0,0,5,FAIL,Pune,MEDIUM
S837,Saanvi,15.0,FEMALE,BA,SY,100.0,30.0,37.0,15.0,12,15,FAIL,Mumbai,LOW
S838,Neha,15.0,MALE,BCA,SY,100.0,40.0,45.0,12.0,12,15,PASS,Pune,MEDIUM
S839,Rohan,23.0,FEMALE,BCom,TY,98.0,39.0,58.0,15.0,12,15,PASS,Pune,LOW
S840,Neha,17.0,FEMALE,BBA,SY,100.0,30.0,45.0,15.0,12,3,FAIL,Pune,LOW
S841,Karan,25.0,FEMALE,BCA,SY,100.0,30.0,41.0,15.0,12,15,FAIL,Nashik,LOW
S842,Karan,19.0,MALE,BCom,FY,100.0,29.0,35.0,19.0,0,15,FAIL,Nashik,MEDIUM
S843,Saanvi,25.0,FEMALE,BCom,FY,94.0,30.0,55.0,14.0,11,15,PASS,Mumbai,MEDIUM
S844,Neha,25.0,FEMALE,BA,SY,100.0,30.0,45.0,20.0,12,15,PASS,Pune,LOW
S845,Anaya,25.0,FEMALE,BBA,SY,98.0,30.0,45.0,15.0,12,15,FAIL,Mumbai,LOW
S846,Pooja,25.0,MALE,BA,SY,85.0,33.0,35.0,15.0,12,8,PASS,Pune,LOW
S847,Aarav,25.0,MALE,BA,SY,80.0,30.0,45.0,15.0,10,4,FAIL,Pune,LOW
S848,Neha,25.0,MALE,BCom,FY,82.0,26.0,39.0,15.0,0,3,PASS,Mumbai,MEDIUM
S849,Pooja,25.0,MALE,BSc,FY,56.0,23.0,45.0,15.0,5,5,PASS,Pune,MEDIUM
S850,Aditya,15.0,FEMALE,BA,FY,98.0,27.0,39.0,15.0,12,15,FAIL,Nashik,MEDIUM
S851,Neha,23.0,FEMALE,BCom,FY,100.0,30.0,53.0,15.0,5,15,PASS,Pune,LOW
S852,Rohan,20.0,MALE,BSc,TY,100.0,30.0,45.0,15.0,12,7,FAIL,Pune,LOW
S853,Isha,24.0,FEMALE,BSc,FY,98.0,20.0,32.0,15.0,12,5,FAIL,Nashik,LOW
S854,Neha,25.0,MALE,BCA,SY,65.0,30.0,45.0,20.0,12,15,PASS,Nashik,MEDIUM
S855,Anaya,25.0,FEMALE,BSc,FY,100.0,30.0,46.0,15.0,0,7,PASS,Mumbai,MEDIUM
S856,Saanvi,15.0,FEMALE,BA,FY,100.0,39.0,45.0,14.0,7,15,PASS,Pune,MEDIUM
S857,Isha,15.0,MALE,BA,SY,100.0,39.0,45.0,15.0,12,15,PASS,Nashik,LOW
S858,Aditya,15.0,FEMALE,BBA,FY,98.0,30.0,55.0,15.0,12,15,FAIL,Pune,LOW
S859,Pooja,23.0,FEMALE,BA,TY,62.0,30.0,43.0,11.0,12,15,FAIL,Pune,MEDIUM
S860,Neha,25.0,FEMALE,BSc,FY,98.0,30.0,38.0,15.0,0,15,FAIL,Nashik,MEDIUM
S861,Aditya,15.0,FEMALE,BCom,SY,66.0,30.0,45.0,16.0,12,15,PASS,Pune,MEDIUM
S862,Saanvi,21.0,FEMALE,BCom,SY,98.0,30.0,36.0,15.0,0,7,PASS,Mumbai,MEDIUM
S863,Saanvi,21.0,MALE,BCA,SY,51.0,27.0,45.0,14.0,12,8,PASS,Nashik,MEDIUM
S864,Aditya,15.0,FEMALE,BCom,FY,100.0,30.0,45.0,14.0,0,5,FAIL,Pune,MEDIUM
S865,Neha,15.0,FEMALE,BCA,FY,58.0,22.0,40.0,14.0,0,15,PASS,Pune,HIGH
S866,Karan,23.0,FEMALE,BA,FY,73.0,30.0,45.0,13.0,12,6,FAIL,Nashik,MEDIUM
S867,Isha,25.0,MALE,BSc,FY,81.0,30.0,45.0,15.0,12,15,FAIL,Nashik,LOW
S868,Aditya,25.0,FEMALE,BBA,TY,82.0,29.0,45.0,15.0,0,15,PASS,Nashik,MEDIUM
S869,Vihaan,25.0,FEMALE,BCom,FY,54.0,34.0,45.0,10.0,12,3,FAIL,Pune,MEDIUM
S870,Rohan,25.0,FEMALE,BCA,FY,98.0,30.0,45.0,14.0,12,15,PASS,Nashik,MEDIUM
S871,Neha,25.0,MALE,BA,TY,98.0,23.0,39.0,15.0,0,4,PASS,Nashik,MEDIUM
S872,Rohan,17.0,MALE,BSc,FY,100.0,30.0,30.0,17.0,12,6,FAIL,Pune,LOW
S873,Pooja,15.0,MALE,BBA,FY,100.0,25.0,45.0,15.0,12,15,FAIL,Pune,MEDIUM
S874,Saanvi,15.0,MALE,BCA,TY,98.0,30.0,45.0,15.0,12,7,FAIL,Nashik,LOW
S875,Saanvi,15.0,FEMALE,BCA,FY,55.0,38.0,45.0,15.0,12,1,FAIL,Nashik,MEDIUM
S876,Rohan,25.0,FEMALE,BCom,FY,98.0,26.0,45.0,15.0,12,8,FAIL,Nashik,LOW
S877,Karan,25.0,FEMALE,BCA,SY,60.0,37.0,45.0,11.0,12,4,PASS,Nashik,MEDIUM
S878,Neha,15.0,FEMALE,BBA,FY,93.0,27.0,55.0,15.0,0,5,FAIL,Mumbai,MEDIUM
S879,Pooja,17.0,FEMALE,BCA,SY,98.0,30.0,39.0,15.0,12,15,PASS,Mumbai,LOW
S880,Vihaan,25.0,MALE,BCA,FY,98.0,30.0,57.0,20.0,0,15,PASS,Nashik,MEDIUM
S881,Isha,25.0,FEMALE,BSc,SY,98.0,30.0,59.0,20.0,0,1,FAIL,Mumbai,MEDIUM
S882,Rohan,23.0,FEMALE,BCom,FY,98.0,30.0,45.0,20.0,0,15,PASS,Nashik,MEDIUM
S883,Karan,25.0,FEMALE,BBA,TY,100.0,30.0,45.0,15.0,0,15,PASS,Pune,MEDIUM
S884,Rohan,15.0,FEMALE,BCA,FY,100.0,27.0,60.0,16.0,0,3,PASS,Nashik,MEDIUM
S885,Isha,15.0,MALE,BSc,SY,100.0,21.0,31.0,17.0,12,15,FAIL,Nashik,MEDIUM
S886,Rohan,21.0,MALE,BCom,SY,54.0,30.0,45.0,11.0,12,8,FAIL,Mumbai,MEDIUM
S887,Rohan,25.0,FEMALE,BCom,FY,98.0,26.0,45.0,16.0,12,15,PASS,Pune,MEDIUM
S888,Aarav,25.0,MALE,BBA,FY,100.0,30.0,45.0,20.0,2,1,FAIL,Nashik,LOW
S889,Anaya,25.0,FEMALE,BCA,SY,100.0,27.0,45.0,10.0,12,2,PASS,Pune,MEDIUM
S890,Saanvi,25.0,MALE,BCA,TY,100.0,24.0,37.0,15.0,12,4,FAIL,Nashik,LOW
S891,Karan,25.0,MALE,BA,FY,87.0,30.0,45.0,15.0,11,15,PASS,Nashik,LOW
S892,Anaya,25.0,FEMALE,BBA,SY,98.0,23.0,45.0,12.0,12,15,FAIL,Mumbai,MEDIUM
S893,Pooja,25.0,MALE,BSc,TY,98.0,30.0,51.0,15.0,0,3,FAIL,Mumbai,MEDIUM
S894,Anaya,25.0,MALE,BCom,FY,100.0,28.0,45.0,15.0,0,2,PASS,Mumbai,MEDIUM
S895,Neha,25.0,FEMALE,BCA,FY,93.0,37.0,45.0,15.0,12,15,FAIL,Pune,LOW
S896,Aarav,15.0,FEMALE,BA,TY,100.0,35.0,45.0,15.0,12,15,FAIL,Nashik,LOW
S897,Pooja,19.0,MALE,BSc,FY,98.0,30.0,45.0,15.0,12,15,PASS,Pune,LOW
S898,Pooja,17.0,MALE,BBA,SY,100.0,30.0,37.0,10.0,0,4,PASS,Nashik,MEDIUM
S899,Aarav,19.0,MALE,BCA,SY,100.0,30.0,40.0,15.0,12,2,FAIL,Mumbai,LOW
S900,Aarav,25.0,MALE,BSc,SY,100.0,30.0,53.0,15.0,12,15,PASS,Pune,LOW
S901,Aditya,15.0,FEMALE,BA,TY,98.0,20.0,45.0,17.0,0,15,PASS,Pune,MEDIUM
S902,Rohan,17.0,FEMALE,BA,FY,98.0,20.0,45.0,15.0,12,15,FAIL,Mumbai,MEDIUM
S903,Pooja,22.0,FEMALE,BCA,TY,72.0,28.0,45.0,15.0,12,4,FAIL,Mumbai,MEDIUM
S904,Aarav,24.0,FEMALE,BA,FY,98.0,30.0,45.0,17.0,0,1,FAIL,Pune,MEDIUM
S905,Neha,15.0,MALE,BCA,SY,100.0,30.0,50.0,15.0,12,4,FAIL,Nashik,LOW
S906,Rohan,25.0,MALE,BCA,TY,76.0,30.0,35.0,15.0,12,6,PASS,Nashik,LOW
S907,Karan,15.0,MALE,BCA,SY,98.0,22.0,57.0,15.0,0,15,FAIL,Pune,MEDIUM
S908,Saanvi,25.0,MALE,BCom,SY,61.0,30.0,45.0,10.0,12,15,PASS,Pune,MEDIUM
S909,Isha,23.0,FEMALE,BSc,TY,69.0,30.0,37.0,15.0,12,6,FAIL,Pune,LOW
S910,Aditya,25.0,FEMALE,BBA,FY,100.0,31.0,49.0,15.0,12,5,FAIL,Nashik,LOW
S911,Vihaan,25.0,MALE,BBA,SY,55.0,21.0,55.0,17.0,12,3,FAIL,Nashik,MEDIUM
S912,Isha,15.0,FEMALE,BSc,FY,98.0,25.0,44.0,12.0,6,15,FAIL,Nashik,MEDIUM
S913,Rohan,15.0,FEMALE,BCA,FY,93.0,30.0,45.0,15.0,0,15,FAIL,Mumbai,MEDIUM
S914,Anaya,15.0,FEMALE,BCom,TY,98.0,32.0,37.0,15.0,12,15,PASS,Nashik,LOW
S915,Neha,17.0,MALE,BCom,SY,100.0,23.0,60.0,18.0,3,15,PASS,Nashik,MEDIUM
S916,Karan,15.0,MALE,BA,FY,65.0,35.0,45.0,15.0,12,15,PASS,Pune,MEDIUM
S917,Pooja,15.0,MALE,BBA,SY,98.0,27.0,45.0,15.0,0,15,FAIL,Pune,MEDIUM
S918,Vihaan,15.0,FEMALE,BCA,TY,98.0,23.0,45.0,15.0,12,15,PASS,Pune,MEDIUM
S919,Isha,25.0,MALE,BCA,SY,100.0,30.0,45.0,15.0,12,4,FAIL,Pune,LOW
S920,Anaya,25.0,FEMALE,BCA,FY,98.0,28.0,45.0,15.0,12,8,FAIL,Nashik,LOW
S921,Anaya,22.0,FEMALE,BCA,TY,98.0,26.0,56.0,14.0,0,15,PASS,Nashik,HIGH
S922,Aditya,25.0,FEMALE,BSc,FY,100.0,22.0,34.0,14.0,0,5,FAIL,Pune,MEDIUM
S923,Vihaan,15.0,FEMALE,BA,FY,91.0,30.0,56.0,19.0,12,15,PASS,Nashik,LOW
S924,Vihaan,25.0,MALE,BCA,FY,70.0,40.0,45.0,20.0,0,8,PASS,Pune,MEDIUM
S925,Saanvi,18.0,MALE,BA,SY,100.0,30.0,35.0,16.0,12,15,FAIL,Nashik,LOW
S926,Neha,25.0,FEMALE,BBA,FY,100.0,30.0,45.0,15.0,12,1,FAIL,Nashik,LOW
S927,Saanvi,25.0,FEMALE,BSc,SY,100.0,30.0,45.0,15.0,12,5,FAIL,Pune,LOW
S928,Karan,25.0,MALE,BCA,FY,100.0,30.0,45.0,17.0,12,15,PASS,Mumbai,LOW
S929,Anaya,25.0,MALE,BBA,TY,50.0,30.0,33.0,18.0,12,2,FAIL,Nashik,MEDIUM
S930,Anaya,15.0,FEMALE,BCom,TY,100.0,30.0,45.0,15.0,6,4,FAIL,Mumbai,LOW
S931,Vihaan,15.0,MALE,BCA,SY,100.0,30.0,45.0,15.0,5,15,FAIL,Mumbai,LOW
S932,Aditya,15.0,FEMALE,BCA,FY,86.0,23.0,45.0,15.0,12,8,FAIL,Mumbai,LOW
S933,Neha,25.0,MALE,BBA,FY,92.0,30.0,45.0,13.0,0,6,FAIL,Nashik,MEDIUM
S934,Aarav,25.0,FEMALE,BCom,SY,100.0,30.0,45.0,15.0,12,8,FAIL,Nashik,LOW
S935,Aditya,25.0,FEMALE,BSc,FY,73.0,30.0,45.0,10.0,12,15,FAIL,Pune,MEDIUM
S936,Rohan,19.0,MALE,BBA,FY,57.0,35.0,45.0,16.0,10,5,PASS,Pune,MEDIUM
S937,Aditya,25.0,MALE,BA,TY,72.0,24.0,45.0,16.0,12,8,PASS,Pune,MEDIUM
S938,Saanvi,25.0,FEMALE,BBA,FY,98.0,29.0,45.0,15.0,4,1,PASS,Nashik,MEDIUM
S939,Karan,25.0,MALE,BBA,TY,100.0,33.0,45.0,20.0,0,2,PASS,Pune,MEDIUM
S940,Isha,21.0,FEMALE,BA,TY,61.0,30.0,45.0,17.0,12,7,FAIL,Pune,LOW
S941,Rohan,15.0,FEMALE,BCA,FY,100.0,28.0,44.0,17.0,0,15,PASS,Nashik,MEDIUM
S942,Saanvi,25.0,FEMALE,BCA,TY,98.0,30.0,48.0,14.0,0,15,FAIL,Nashik,MEDIUM
S943,Anaya,25.0,MALE,BCom,SY,100.0,30.0,45.0,15.0,9,15,FAIL,Pune,LOW
S944,Neha,15.0,MALE,BBA,SY,88.0,30.0,57.0,12.0,0,6,FAIL,Pune,MEDIUM
S945,Vihaan,25.0,FEMALE,BA,FY,98.0,30.0,53.0,15.0,12,15,PASS,Nashik,LOW
S946,Vihaan,25.0,MALE,BBA,SY,68.0,30.0,33.0,15.0,12,5,PASS,Pune,LOW
S947,Vihaan,19.0,FEMALE,BA,FY,98.0,30.0,59.0,18.0,12,15,FAIL,Nashik,LOW
S948,Rohan,15.0,MALE,BSc,SY,100.0,35.0,45.0,11.0,0,3,FAIL,Pune,MEDIUM
S949,Aditya,25.0,FEMALE,BSc,SY,98.0,30.0,37.0,15.0,12,15,PASS,Pune,LOW
S950,Anaya,15.0,FEMALE,BCA,FY,100.0,30.0,45.0,15.0,0,15,PASS,Nashik,MEDIUM
S951,Pooja,25.0,MALE,BCA,TY,100.0,30.0,45.0,15.0,12,15,PASS,Mumbai,LOW
S952,Saanvi,19.0,FEMALE,BCA,FY,98.0,30.0,45.0,15.0,0,7,PASS,Mumbai,MEDIUM
S953,Anaya,15.0,FEMALE,BCom,SY,100.0,28.0,45.0,15.0,12,6,FAIL,Nashik,LOW
S954,Neha,25.0,FEMALE,BBA,FY,100.0,30.0,45.0,11.0,12,15,PASS,Mumbai,MEDIUM
S955,Saanvi,25.0,FEMALE,BA,SY,100.0,30.0,47.0,15.0,0,15,FAIL,Pune,MEDIUM
S956,Pooja,25.0,MALE,BCA,TY,98.0,28.0,44.0,15.0,12,8,PASS,Nashik,LOW
S957,Karan,25.0,FEMALE,BBA,FY,100.0,30.0,45.0,11.0,0,15,PASS,Nashik,MEDIUM
S958,Vihaan,25.0,FEMALE,BSc,TY,100.0,30.0,45.0,14.0,0,15,FAIL,Nashik,MEDIUM
S959,Vihaan,25.0,MALE,BCA,FY,100.0,21.0,47.0,15.0,0,15,FAIL,Nashik,MEDIUM
S960,Saanvi,15.0,FEMALE,BBA,FY,69.0,30.0,31.0,11.0,12,15,PASS,Nashik,MEDIUM
S961,Vihaan,25.0,FEMALE,BBA,TY,100.0,30.0,47.0,15.0,0,15,FAIL,Nashik,MEDIUM
S962,Aditya,25.0,FEMALE,BBA,SY,98.0,35.0,56.0,15.0,12,15,PASS,Nashik,LOW
S963,Pooja,21.0,FEMALE,BCom,SY,98.0,30.0,49.0,15.0,0,15,PASS,Mumbai,MEDIUM
S964,Vihaan,25.0,MALE,BSc,FY,89.0,28.0,45.0,14.0,0,4,FAIL,Pune,MEDIUM
S965,Rohan,15.0,MALE,BCA,FY,90.0,25.0,40.0,15.0,0,15,FAIL,Mumbai,MEDIUM
S966,Anaya,25.0,MALE,BCom,SY,83.0,30.0,45.0,15.0,0,6,PASS,Mumbai,MEDIUM
S967,Aditya,20.0,FEMALE,BCom,TY,98.0,29.0,45.0,12.0,0,7,PASS,Nashik,MEDIUM
S968,Anaya,25.0,FEMALE,BBA,SY,100.0,26.0,45.0,11.0,12,4,FAIL,Nashik,MEDIUM
S969,Saanvi,25.0,MALE,BCom,SY,98.0,40.0,45.0,18.0,0,15,FAIL,Nashik,MEDIUM
S970,Neha,25.0,MALE,BSc,SY,98.0,30.0,45.0,15.0,12,15,FAIL,Mumbai,LOW
S971,Anaya,17.0,FEMALE,BBA,FY,80.0,30.0,58.0,13.0,12,8,PASS,Mumbai,LOW
S972,Saanvi,25.0,MALE,BA,TY,57.0,32.0,45.0,17.0,9,6,FAIL,Nashik,MEDIUM
S973,Vihaan,21.0,MALE,BSc,SY,100.0,30.0,45.0,15.0,0,3,PASS,Pune,MEDIUM
S974,Karan,25.0,MALE,BBA,FY,98.0,30.0,45.0,15.0,0,7,PASS,Pune,MEDIUM
S975,Vihaan,25.0,MALE,BCom,TY,100.0,30.0,49.0,16.0,0,1,PASS,Pune,MEDIUM
S976,Karan,25.0,FEMALE,BSc,FY,54.0,30.0,53.0,15.0,0,3,FAIL,Nashik,MEDIUM
S977,Isha,15.0,FEMALE,BBA,SY,91.0,30.0,37.0,10.0,0,5,FAIL,Nashik,MEDIUM
S978,Karan,15.0,FEMALE,BCA,SY,100.0,32.0,49.0,18.0,0,5,PASS,Nashik,MEDIUM
S979,Aarav,25.0,FEMALE,BA,FY,100.0,30.0,45.0,14.0,12,6,FAIL,Pune,LOW
S980,Karan,22.0,FEMALE,BCA,FY,100.0,30.0,51.0,15.0,11,15,PASS,Nashik,LOW
S981,Neha,15.0,FEMALE,BCA,SY,100.0,36.0,45.0,18.0,12,15,FAIL,Mumbai,LOW
S982,Neha,22.0,FEMALE,BCom,SY,98.0,24.0,45.0,15.0,12,15,PASS,Nashik,MEDIUM
S983,Isha,25.0,FEMALE,BBA,SY,100.0,39.0,45.0,19.0,12,4,FAIL,Nashik,LOW
S984,Isha,18.0,MALE,BBA,SY,83.0,28.0,45.0,15.0,0,15,PASS,Nashik,MEDIUM
S985,Pooja,25.0,MALE,BSc,TY,100.0,30.0,44.0,12.0,12,15,PASS,Nashik,MEDIUM
S986,Rohan,15.0,FEMALE,BA,SY,86.0,26.0,40.0,15.0,9,3,FAIL,Mumbai,LOW
S987,Anaya,15.0,MALE,BCA,SY,55.0,30.0,31.0,15.0,12,4,FAIL,Pune,MEDIUM
S988,Anaya,25.0,MALE,BCom,SY,95.0,30.0,54.0,16.0,12,15,FAIL,Pune,LOW
S989,Isha,25.0,FEMALE,BSc,TY,55.0,30.0,45.0,17.0,0,15,FAIL,Pune,HIGH
S990,Vihaan,15.0,MALE,BA,SY,71.0,32.0,33.0,12.0,0,15,FAIL,Pune,HIGH
S991,Anaya,15.0,FEMALE,BCom,TY,62.0,35.0,32.0,16.0,0,15,PASS,Pune,MEDIUM
S992,Vihaan,25.0,FEMALE,BBA,FY,98.0,28.0,45.0,11.0,0,7,PASS,Nashik,MEDIUM
S993,Neha,25.0,MALE,BA,SY,100.0,31.0,41.0,17.0,12,15,FAIL,Pune,LOW
S994,Aditya,25.0,MALE,BSc,TY,100.0,22.0,52.0,18.0,0,3,FAIL,Mumbai,MEDIUM
S995,Rohan,25.0,MALE,BCom,FY,98.0,30.0,47.0,18.0,12,3,PASS,Nashik,LOW
S996,Pooja,25.0,MALE,BCom,TY,98.0,30.0,45.0,15.0,0,1,FAIL,Nashik,MEDIUM
S997,Isha,15.0,MALE,BBA,TY,98.0,30.0,45.0,17.0,0,3,FAIL,Mumbai,MEDIUM
S998,Rohan,22.0,FEMALE,BCom,FY,67.0,32.0,45.0,20.0,12,15,FAIL,Pune,MEDIUM
S999,Aarav,22.0,FEMALE,BCom,FY,98.0,30.0,38.0,16.0,12,15,FAIL,Nashik,LOW
S1000,Aditya,17.0,FEMALE,BCom,SY,56.0,30.0,45.0,12.0,12,4,FAIL,Mumbai,MEDIUM
S1001,Saanvi,15.0,FEMALE,BCom,FY,98.0,30.0,33.0,15.0,0,15,PASS,Pune,MEDIUM
S1002,Karan,25.0,MALE,BCA,SY,100.0,30.0,45.0,15.0,11,2,PASS,Mumbai,LOW
S1003,Pooja,15.0,MALE,BSc,SY,64.0,30.0,53.0,15.0,0,15,PASS,Pune,MEDIUM
S1004,Rohan,25.0,MALE,BCA,TY,100.0,26.0,45.0,15.0,12,15,FAIL,Mumbai,MEDIUM
S1005,Isha,25.0,MALE,BCA,SY,98.0,38.0,33.0,15.0,12,15,PASS,Nashik,LOW
S1006,Aarav,15.0,FEMALE,BBA,FY,100.0,30.0,41.0,15.0,12,4,PASS,Pune,LOW
S1007,Aditya,25.0,FEMALE,BBA,FY,57.0,30.0,31.0,15.0,5,15,PASS,Nashik,MEDIUM
S1008,Pooja,25.0,MALE,BBA,FY,100.0,30.0,45.0,15.0,0,15,FAIL,Nashik,MEDIUM
S1009,Aarav,25.0,MALE,BSc,SY,71.0,33.0,45.0,15.0,3,8,PASS,Pune,MEDIUM
S1010,Aditya,25.0,MALE,BCA,FY,100.0,30.0,45.0,17.0,0,15,PASS,Mumbai,MEDIUM
S1011,Anaya,25.0,MALE,BCom,TY,98.0,38.0,35.0,15.0,12,15,FAIL,Nashik,LOW
S1012,Saanvi,25.0,FEMALE,BSc,SY,100.0,30.0,45.0,10.0,12,3,FAIL,Mumbai,LOW
S1013,Saanvi,25.0,MALE,BSc,SY,98.0,30.0,39.0,15.0,12,2,PASS,Pune,LOW
S1014,Anaya,25.0,FEMALE,BBA,TY,100.0,26.0,50.0,15.0,12,6,FAIL,Pune,LOW
S1015,Anaya,25.0,MALE,BA,TY,98.0,30.0,44.0,15.0,12,15,PASS,Nashik,LOW
S1016,Pooja,25.0,FEMALE,BCom,SY,87.0,30.0,45.0,15.0,2,5,FAIL,Mumbai,LOW
S1017,Neha,15.0,MALE,BCA,FY,100.0,31.0,41.0,15.0,0,2,FAIL,Nashik,MEDIUM
S1018,Pooja,25.0,MALE,BCom,TY,100.0,34.0,41.0,10.0,12,15,FAIL,Nashik,MEDIUM
S1019,Aarav,25.0,MALE,BA,FY,85.0,30.0,45.0,15.0,0,6,FAIL,Nashik,MEDIUM
S1020,Isha,22.0,FEMALE,BCom,FY,98.0,35.0,33.0,15.0,12,15,FAIL,Nashik,LOW
S1021,Aarav,15.0,FEMALE,BCA,SY,100.0,25.0,46.0,18.0,0,15,FAIL,Nashik,MEDIUM
S1022,Anaya,15.0,MALE,BA,SY,100.0,32.0,45.0,12.0,1,2,PASS,Nashik,MEDIUM
S1023,Vihaan,17.0,FEMALE,BCA,SY,63.0,27.0,37.0,15.0,12,15,PASS,Nashik,MEDIUM
S1024,Neha,25.0,MALE,BA,SY,76.0,33.0,45.0,17.0,0,2,PASS,Pune,MEDIUM
S1025,Aditya,25.0,MALE,BA,SY,80.0,30.0,45.0,15.0,12,2,PASS,Pune,LOW
S1026,Aditya,19.0,MALE,BBA,SY,61.0,34.0,37.0,20.0,12,15,PASS,Pune,MEDIUM
S1027,Anaya,25.0,MALE,BA,FY,100.0,34.0,45.0,15.0,12,15,PASS,Nashik,LOW
S1028,Pooja,25.0,FEMALE,BBA,SY,98.0,24.0,54.0,15.0,6,4,PASS,Nashik,LOW
S1029,Rohan,25.0,MALE,BCA,SY,100.0,30.0,45.0,15.0,0,15,FAIL,Nashik,MEDIUM
S1030,Neha,15.0,FEMALE,BSc,TY,98.0,31.0,45.0,20.0,12,8,FAIL,Mumbai,LOW
S1031,Isha,15.0,FEMALE,BA,SY,98.0,32.0,51.0,15.0,0,2,PASS,Nashik,MEDIUM
S1032,Isha,15.0,FEMALE,BCom,SY,100.0,30.0,44.0,15.0,12,15,PASS,Nashik,LOW
S1033,Saanvi,15.0,MALE,BSc,FY,98.0,28.0,40.0,18.0,0,15,PASS,Mumbai,MEDIUM
S1034,Aarav,25.0,MALE,BBA,SY,98.0,30.0,34.0,12.0,12,15,FAIL,Nashik,MEDIUM
S1035,Neha,25.0,FEMALE,BCA,SY,77.0,30.0,45.0,15.0,0,5,FAIL,Mumbai,MEDIUM
S1036,Neha,18.0,MALE,BCom,FY,98.0,30.0,45.0,15.0,12,1,FAIL,Pune,LOW
S1037,Pooja,25.0,FEMALE,BCA,SY,100.0,36.0,45.0,11.0,12,15,PASS,Pune,MEDIUM
S1038,Anaya,25.0,FEMALE,BA,FY,56.0,27.0,46.0,20.0,12,15,FAIL,Nashik,MEDIUM
S1039,Pooja,25.0,FEMALE,BCom,SY,98.0,30.0,51.0,16.0,12,15,PASS,Mumbai,LOW
S1040,Rohan,24.0,FEMALE,BCom,FY,50.0,30.0,59.0,15.0,2,15,PASS,Pune,MEDIUM
S1041,Anaya,25.0,FEMALE,BCA,FY,98.0,30.0,57.0,12.0,12,3,PASS,Mumbai,LOW
S1042,Rohan,25.0,MALE,BA,FY,98.0,28.0,32.0,15.0,12,2,FAIL,Nashik,LOW
S1043,Rohan,25.0,MALE,BSc,SY,92.0,24.0,44.0,20.0,0,5,PASS,Pune,MEDIUM
S1044,Pooja,21.0,MALE,BCom,SY,56.0,21.0,60.0,11.0,0,2,FAIL,Nashik,HIGH
S1045,Anaya,25.0,MALE,BCA,SY,68.0,30.0,45.0,15.0,12,5,FAIL,Nashik,LOW
S1046,Anaya,15.0,MALE,BCom,FY,60.0,30.0,45.0,15.0,0,15,FAIL,Pune,MEDIUM
S1047,Isha,25.0,MALE,BA,FY,79.0,26.0,54.0,15.0,0,15,FAIL,Mumbai,MEDIUM
S1048,Rohan,20.0,MALE,BSc,SY,100.0,30.0,45.0,16.0,10,15,FAIL,Pune,LOW
S1049,Rohan,25.0,MALE,BSc,SY,100.0,30.0,49.0,19.0,12,15,PASS,Pune,LOW
S1050,Karan,25.0,MALE,BCA,SY,67.0,37.0,33.0,15.0,12,8,PASS,Pune,LOW
S1051,Rohan,25.0,MALE,BA,FY,66.0,30.0,55.0,11.0,0,15,PASS,Nashik,HIGH
S1052,Isha,25.0,FEMALE,BSc,FY,98.0,30.0,45.0,15.0,12,15,FAIL,Nashik,LOW
S1053,Aditya,24.0,FEMALE,BA,FY,63.0,31.0,45.0,15.0,12,15,FAIL,Nashik,MEDIUM
S1054,Saanvi,21.0,FEMALE,BA,TY,100.0,33.0,45.0,16.0,12,15,FAIL,Nashik,LOW
S1055,Saanvi,15.0,MALE,BSc,SY,98.0,30.0,45.0,15.0,0,15,FAIL,Nashik,MEDIUM
S1056,Rohan,25.0,MALE,BA,FY,98.0,37.0,56.0,18.0,12,15,FAIL,Nashik,LOW
S1057,Aditya,25.0,FEMALE,BBA,SY,100.0,26.0,34.0,20.0,12,15,PASS,Mumbai,MEDIUM
S1058,Vihaan,25.0,MALE,BCA,FY,98.0,30.0,45.0,15.0,12,4,PASS,Nashik,LOW
S1059,Anaya,25.0,FEMALE,BCom,SY,100.0,30.0,45.0,15.0,12,15,FAIL,Nashik,LOW
S1060,Aarav,15.0,MALE,BCom,TY,98.0,34.0,45.0,12.0,8,15,PASS,Nashik,MEDIUM
S1061,Anaya,25.0,FEMALE,BCA,SY,100.0,30.0,58.0,17.0,0,15,FAIL,Mumbai,MEDIUM
S1062,Aditya,20.0,FEMALE,BCom,FY,100.0,30.0,45.0,15.0,12,7,FAIL,Mumbai,LOW
S1063,Aditya,25.0,MALE,BCom,SY,98.0,32.0,50.0,15.0,0,5,PASS,Pune,MEDIUM
S1064,Karan,25.0,FEMALE,BCom,SY,85.0,40.0,51.0,15.0,12,15,FAIL,Nashik,LOW
S1065,Rohan,25.0,FEMALE,BBA,FY,100.0,27.0,45.0,18.0,12,15,PASS,Pune,MEDIUM
S1066,Neha,15.0,MALE,BBA,FY,98.0,30.0,34.0,14.0,6,5,FAIL,Pune,LOW
S1067,Vihaan,25.0,MALE,BBA,SY,98.0,40.0,45.0,15.0,2,15,PASS,Nashik,MEDIUM
S1068,Aarav,21.0,FEMALE,BCom,SY,98.0,30.0,55.0,15.0,0,4,PASS,Nashik,MEDIUM
S1069,Anaya,25.0,MALE,BSc,SY,98.0,30.0,45.0,15.0,0,5,FAIL,Nashik,MEDIUM
S1070,Aditya,25.0,FEMALE,BCA,FY,98.0,30.0,45.0,20.0,12,1,PASS,Pune,LOW
S1071,Isha,22.0,MALE,BSc,FY,98.0,21.0,45.0,15.0,0,15,PASS,Nashik,MEDIUM
S1072,Isha,15.0,MALE,BBA,TY,54.0,21.0,45.0,15.0,0,4,PASS,Pune,HIGH
S1073,Aditya,23.0,FEMALE,BA,FY,98.0,30.0,52.0,15.0,12,1,PASS,Pune,LOW
S1074,Vihaan,25.0,MALE,BA,TY,100.0,28.0,45.0,20.0,12,15,PASS,Pune,MEDIUM
S1075,Aarav,15.0,FEMALE,BA,TY,100.0,30.0,33.0,18.0,12,15,PASS,Pune,LOW
S1076,Anaya,18.0,FEMALE,BCom,FY,98.0,30.0,45.0,15.0,12,1,PASS,Nashik,LOW
S1077,Aditya,15.0,MALE,BSc,SY,100.0,30.0,50.0,15.0,0,15,FAIL,Pune,MEDIUM
S1078,Anaya,25.0,FEMALE,BA,FY,98.0,37.0,38.0,15.0,6,15,FAIL,Mumbai,LOW
S1079,Pooja,15.0,MALE,BCA,FY,74.0,28.0,45.0,15.0,12,15,FAIL,Pune,MEDIUM
S1080,Neha,25.0,MALE,BBA,TY,81.0,30.0,56.0,15.0,12,15,FAIL,Pune,LOW
S1081,Isha,25.0,MALE,BSc,SY,98.0,30.0,41.0,20.0,0,15,FAIL,Nashik,MEDIUM
S1082,Pooja,18.0,MALE,BBA,SY,100.0,36.0,48.0,15.0,0,7,PASS,Mumbai,MEDIUM
S1083,Aditya,25.0,FEMALE,BSc,SY,64.0,29.0,45.0,15.0,12,3,PASS,Mumbai,MEDIUM
S1084,Aditya,15.0,MALE,BA,FY,100.0,36.0,45.0,17.0,12,4,FAIL,Nashik,LOW
S1085,Anaya,25.0,MALE,BCA,TY,100.0,30.0,45.0,18.0,12,3,FAIL,Mumbai,LOW
S1086,Karan,25.0,MALE,BCA,SY,54.0,30.0,33.0,15.0,12,1,FAIL,Pune,MEDIUM
S1087,Isha,25.0,FEMALE,BA,TY,98.0,30.0,45.0,15.0,0,6,FAIL,Pune,MEDIUM
S1088,Saanvi,15.0,MALE,BSc,SY,67.0,30.0,45.0,17.0,12,7,FAIL,Mumbai,LOW
S1089,Aarav,25.0,MALE,BBA,TY,70.0,30.0,59.0,15.0,0,15,PASS,Nashik,MEDIUM
S1090,Saanvi,25.0,FEMALE,BCom,SY,100.0,24.0,32.0,11.0,12,15,FAIL,Pune,MEDIUM
S1091,Pooja,25.0,FEMALE,BSc,SY,100.0,21.0,42.0,15.0,7,15,PASS,Mumbai,MEDIUM
S1092,Isha,25.0,MALE,BSc,SY,98.0,30.0,45.0,20.0,0,15,FAIL,Nashik,MEDIUM
S1093,Saanvi,25.0,MALE,BA,FY,71.0,30.0,57.0,15.0,12,1,FAIL,Pune,LOW
S1094,Neha,15.0,MALE,BBA,FY,98.0,23.0,45.0,15.0,0,15,FAIL,Pune,MEDIUM
S1095,Rohan,25.0,FEMALE,BCA,FY,100.0,23.0,38.0,16.0,8,15,FAIL,Pune,MEDIUM
S1096,Aarav,15.0,FEMALE,BCom,FY,98.0,30.0,45.0,11.0,0,15,PASS,Nashik,MEDIUM
S1097,Pooja,24.0,FEMALE,BCom,SY,98.0,30.0,45.0,13.0,12,15,PASS,Pune,MEDIUM
S1098,Aditya,15.0,MALE,BSc,FY,100.0,30.0,45.0,12.0,1,8,PASS,Mumbai,MEDIUM
S1099,Vihaan,25.0,FEMALE,BCA,SY,50.0,27.0,45.0,11.0,12,7,FAIL,Pune,MEDIUM
S1100,Neha,20.0,MALE,BBA,FY,98.0,39.0,45.0,17.0,0,15,FAIL,Mumbai,MEDIUM
